<?xml version="1.0" encoding="UTF-8"?>
<recordTypeHaul xmlns:a="http://www.appian.com/ae/types/2009" xmlns:xsi="http://www.w3.org/2001/XMLSchema-instance">
  <versionUuid>39ffca57-091e-4f3f-9bc3-fc612c818828</versionUuid>
  <recordType a:uuid="7cc8e08b-5383-4f2b-82c7-00ed02691269" name="EOS_Employee">
    <a:pluralName>EOS_Employees</a:pluralName>
    <a:description>Record to show employee record </a:description>
    <a:urlStub>jL1_0g</a:urlStub>
    <a:source
      a:uuid="e6efbb2d-0d39-425b-9022-62eb0cd597bb@_a-0000e5d8-7dfc-8000-9be4-011c48011c48_4723495" xsi:type="a:DataStoreEntity"/>
    <a:listViewTemplateExpr>#"SYSTEM_SYSRULES_recordGridLayoutColumns"(
  columns: {
    #"SYSTEM_SYSRULES_gridLayoutColumn"(
      label: "Employee ID",
      width: "DISTRIBUTE",
      field: "employeeId",
      component: #"SYSTEM_SYSRULES_recordGrid_linkField"(
        links: {
          #"SYSTEM_SYSRULES_recordLink"(
            label: rf!employeeId,
            recordType: rp!type,
            identifier: rp!id
          )
        }
      )
    ),
    #"SYSTEM_SYSRULES_gridLayoutColumn"(
      label: "First Name",
      field: "firstName",
      component: #"SYSTEM_SYSRULES_recordGrid_textField"(
        displayValue: rf!firstName
      )
    ),
    #"SYSTEM_SYSRULES_gridLayoutColumn"(
      label: "Middle Name",
      field: "middleName",
      component: #"SYSTEM_SYSRULES_recordGrid_textField"(
        displayValue: rf!middleName,
        align: null
      )
    ),
    #"SYSTEM_SYSRULES_gridLayoutColumn"(
      label: "Last Name",
      field: "lastName",
      component: #"SYSTEM_SYSRULES_recordGrid_textField"(
        displayValue: rf!lastName,
        align: null
      )
    ),
    #"SYSTEM_SYSRULES_gridLayoutColumn"(
      label: "Total Experience",
      field: "totalExperience",
      component: #"SYSTEM_SYSRULES_recordGrid_integerField"(
        displayValue: rf!totalExperience,
        align: "RIGHT"
      )
    ),
    #"SYSTEM_SYSRULES_gridLayoutColumn"(
      label: "Relevant Experience",
      field: "relevantExperience",
      component: #"SYSTEM_SYSRULES_recordGrid_integerField"(
        displayValue: rf!relevantExperience,
        align: "RIGHT"
      )
    ),
    #"SYSTEM_SYSRULES_gridLayoutColumn"(
      label: "Date Of Birth",
      width: "DISTRIBUTE",
      component: #"SYSTEM_SYSRULES_recordGrid_dateField"(
        displayValue: rf!dob
      )
    ),
    #"SYSTEM_SYSRULES_gridLayoutColumn"(
      label: "Gender",
      width: "DISTRIBUTE",
      component: #"SYSTEM_SYSRULES_recordGrid_textField"(
        displayValue: rf!gender
      )
    )
  },
  pageSize: 50,
  defaultSort: #"SYSTEM_SYSRULES_sortInfo"(
    field: "firstName",
    ascending: fn!true()
  ),
  shadeAlternateRows: true
)</a:listViewTemplateExpr>
    <a:detailViewCfg>
      <a:nameExpr>="Summary"</a:nameExpr>
      <a:uiExpr>#"_a-0000e5eb-24fe-8000-9be7-011c48011c48_4897320"(
  employee: #"_a-0000e5eb-24fe-8000-9be7-011c48011c48_4897289"(
    employeeId: rf!employeeId
  ),
  readOnly:true
)</a:uiExpr>
      <a:visibilityExpr>=true()</a:visibilityExpr>
      <a:urlStub>summary</a:urlStub>
      <a:headerExpr/>
      <a:recordActionLaunchType>DIALOG</a:recordActionLaunchType>
    </a:detailViewCfg>
    <a:isSystem>false</a:isSystem>
    <a:dataSrcExpr/>
    <a:facetsListExpr/>
    <a:titleExpr>rp!id &amp; " : " &amp; rf!firstName &amp; " " &amp; rf!lastName</a:titleExpr>
    <a:defaultFiltersExpr/>
    <a:layoutType>GRID</a:layoutType>
    <a:security>16383</a:security>
    <a:hideLatestNews>false</a:hideLatestNews>
    <a:hideNewsView>false</a:hideNewsView>
    <a:hideRelatedActionsView>false</a:hideRelatedActionsView>
    <a:isExportable>false</a:isExportable>
    <a:listViewSrcExpr/>
    <a:recordViewSrcExpr/>
    <a:iconId/>
    <a:listAutoRefreshInterval>0.0</a:listAutoRefreshInterval>
    <a:enabledFeatures>15</a:enabledFeatures>
    <a:isVisibleInRecordTypeList>true</a:isVisibleInRecordTypeList>
    <a:recordActionLaunchType>DIALOG</a:recordActionLaunchType>
    <a:showSearchBox>true</a:showSearchBox>
  </recordType>
  <roleMap>
    <role name="record_type_administrator">
      <users/>
      <groups>
        <groupUuid>_e-0000e5d8-7dfc-8000-9b30-01075c01075c_30185</groupUuid>
      </groups>
    </role>
    <role name="record_type_viewer">
      <users/>
      <groups>
        <groupUuid>_e-0000e5d8-7dfc-8000-9b30-01075c01075c_30189</groupUuid>
      </groups>
    </role>
    <role name="record_type_editor">
      <users/>
      <groups>
        <groupUuid>_e-0000e5d8-7dfc-8000-9b30-01075c01075c_30187</groupUuid>
      </groups>
    </role>
  </roleMap>
  <history>
    <historyInfo versionUuid="39ffca57-091e-4f3f-9bc3-fc612c818828"/>
  </history>
  <migrationVersion>1</migrationVersion>
</recordTypeHaul>
