<?xml version="1.0" encoding="UTF-8" standalone="yes"?>
<applicationHaul xmlns:a="http://www.appian.com/ae/types/2009">
    <versionUuid>_a-0000e7a7-6058-8000-9bd9-011c48011c48_2980867</versionUuid>
    <application>
        <name>Employee Onboarding System</name>
        <uuid>_a-0000e5d8-7dfc-8000-9be4-011c48011c48_4722913</uuid>
        <description>This application is created for employee onboarding system</description>
        <parentUuid>SYSTEM_APPLICATIONS_ROOT</parentUuid>
        <visibility>
            <advertise>false</advertise>
            <hierarchy>true</hierarchy>
            <indexable>true</indexable>
            <quota>false</quota>
            <searchable>true</searchable>
            <system>false</system>
            <unlogged>false</unlogged>
        </visibility>
        <urlIdentifier>Gmofvg</urlIdentifier>
        <published>false</published>
        <public>false</public>
        <associatedObjects>
            <globalIdMap>
                <item>
                    <type>datatype</type>
                    <uuids>
                        <uuid>{urn:com:appian:types:EOS}EOS_Employee</uuid>
                    </uuids>
                </item>
                <item>
                    <type>dataStore</type>
                    <uuids>
                        <uuid>_a-0000e5d8-7dfc-8000-9be4-011c48011c48_4723495</uuid>
                    </uuids>
                </item>
                <item>
                    <type>user</type>
                    <uuids/>
                </item>
                <item>
                    <type>groupType</type>
                    <uuids/>
                </item>
                <item>
                    <type>group</type>
                    <uuids>
                        <uuid>_e-0000e5d8-7dfc-8000-9b30-01075c01075c_30183</uuid>
                        <uuid>_e-0000e5d8-7dfc-8000-9b30-01075c01075c_30185</uuid>
                        <uuid>_e-0000e5d8-7dfc-8000-9b30-01075c01075c_30187</uuid>
                        <uuid>_e-0000e5d8-7dfc-8000-9b30-01075c01075c_30189</uuid>
                        <uuid>_e-0000e5d8-7dfc-8000-9b30-01075c01075c_30191</uuid>
                        <uuid>_e-0000e5eb-24fe-8000-9b33-01075c01075c_30776</uuid>
                    </uuids>
                </item>
                <item>
                    <type>content</type>
                    <uuids>
                        <uuid>_a-0000e5d8-7dfc-8000-9be4-011c48011c48_4723439</uuid>
                        <uuid>_a-0000e5d8-7dfc-8000-9be4-011c48011c48_4723446</uuid>
                        <uuid>_a-0000e5d8-7dfc-8000-9be4-011c48011c48_4723452</uuid>
                        <uuid>_a-0000e5d8-7dfc-8000-9be4-011c48011c48_4723458</uuid>
                        <uuid>_a-0000e5d8-7dfc-8000-9be4-011c48011c48_4723464</uuid>
                        <uuid>_a-0000e5d8-7dfc-8000-9be4-011c48011c48_4723474</uuid>
                        <uuid>_a-0000e5d8-7dfc-8000-9be4-011c48011c48_4723483</uuid>
                        <uuid>_a-0000e5d8-7dfc-8000-9be4-011c48011c48_4723489</uuid>
                        <uuid>_a-0000e5d8-7dfc-8000-9be4-011c48011c48_4723509</uuid>
                        <uuid>_a-0000e5d8-7dfc-8000-9be4-011c48011c48_4723522</uuid>
                        <uuid>_a-0000e5d8-7dfc-8000-9be4-011c48011c48_4723528</uuid>
                        <uuid>_a-0000e5d8-7dfc-8000-9be4-011c48011c48_4723544</uuid>
                        <uuid>_a-0000e5d8-7dfc-8000-9be4-011c48011c48_4723550</uuid>
                        <uuid>_a-0000e5d8-7dfc-8000-9be4-011c48011c48_4723587</uuid>
                        <uuid>_a-0000e5d8-7dfc-8000-9be4-011c48011c48_4723638</uuid>
                        <uuid>_a-0000e5d8-7dfc-8000-9be4-011c48011c48_4723646</uuid>
                        <uuid>_a-0000e5d8-7dfc-8000-9be4-011c48011c48_4723765</uuid>
                        <uuid>_a-0000e5d8-7dfc-8000-9be4-011c48011c48_4736256</uuid>
                        <uuid>_a-0000e5d8-7dfc-8000-9be4-011c48011c48_4737538</uuid>
                        <uuid>_a-0000e5d8-7dfc-8000-9be4-011c48011c48_4769062</uuid>
                        <uuid>_a-0000e5eb-24fe-8000-9be7-011c48011c48_4897149</uuid>
                        <uuid>_a-0000e5eb-24fe-8000-9be7-011c48011c48_4897289</uuid>
                        <uuid>_a-0000e5eb-24fe-8000-9be7-011c48011c48_4897320</uuid>
                        <uuid>_a-0000e5eb-24fe-8000-9be7-011c48011c48_4901865</uuid>
                        <uuid>_a-0000e5eb-24fe-8000-9be7-011c48011c48_5062008</uuid>
                        <uuid>_a-0000e7a7-6058-8000-9bd9-011c48011c48_2980824</uuid>
                        <uuid>_a-0000e7a7-6058-8000-9bd9-011c48011c48_2980830</uuid>
                        <uuid>_a-0000e7a7-6058-8000-9bd9-011c48011c48_2980836</uuid>
                    </uuids>
                </item>
                <item>
                    <type>forum</type>
                    <uuids/>
                </item>
                <item>
                    <type>processModelFolder</type>
                    <uuids>
                        <uuid>_g-0000e5d8-7dfc-8000-e619-7f0000014e7a_1114</uuid>
                    </uuids>
                </item>
                <item>
                    <type>processModel</type>
                    <uuids>
                        <uuid>0002e5da-4b72-8000-e7c5-7f0000014e7a</uuid>
                        <uuid>0002e694-2802-8000-3184-7f0000014e7a</uuid>
                    </uuids>
                </item>
                <item>
                    <type>portlet</type>
                    <uuids/>
                </item>
                <item>
                    <type>page</type>
                    <uuids/>
                </item>
                <item>
                    <type>application</type>
                    <uuids/>
                </item>
                <item>
                    <type>tempoFeed</type>
                    <uuids/>
                </item>
                <item>
                    <type>recordType</type>
                    <uuids>
                        <uuid>7cc8e08b-5383-4f2b-82c7-00ed02691269</uuid>
                    </uuids>
                </item>
                <item>
                    <type>recordField</type>
                    <uuids/>
                </item>
                <item>
                    <type>recordRelationship</type>
                    <uuids/>
                </item>
                <item>
                    <type>tempoReport</type>
                    <uuids/>
                </item>
                <item>
                    <type>taskReport</type>
                    <uuids/>
                </item>
                <item>
                    <type>webApi</type>
                    <uuids/>
                </item>
                <item>
                    <type>site</type>
                    <uuids>
                        <uuid>d4fedb67-7293-4c01-81c4-24c7d480827f</uuid>
                    </uuids>
                </item>
                <item>
                    <type>adminSetting</type>
                    <uuids/>
                </item>
                <item>
                    <type>thirdPartyCredentials</type>
                    <uuids/>
                </item>
                <item>
                    <type>dataSource</type>
                    <uuids/>
                </item>
                <item>
                    <type>embeddedSailTheme</type>
                    <uuids/>
                </item>
                <item>
                    <type>connectedSystem</type>
                    <uuids/>
                </item>
                <item>
                    <type>pluginInfo</type>
                    <uuids/>
                </item>
                <item>
                    <type>featureFlag</type>
                    <uuids/>
                </item>
            </globalIdMap>
        </associatedObjects>
        <applicationNavigation/>
        <applicationActions/>
        <associatedApplications>
            <globalIdMap>
                <item>
                    <type>datatype</type>
                    <uuids/>
                </item>
                <item>
                    <type>dataStore</type>
                    <uuids/>
                </item>
                <item>
                    <type>user</type>
                    <uuids/>
                </item>
                <item>
                    <type>groupType</type>
                    <uuids/>
                </item>
                <item>
                    <type>group</type>
                    <uuids/>
                </item>
                <item>
                    <type>content</type>
                    <uuids/>
                </item>
                <item>
                    <type>forum</type>
                    <uuids/>
                </item>
                <item>
                    <type>processModelFolder</type>
                    <uuids/>
                </item>
                <item>
                    <type>processModel</type>
                    <uuids/>
                </item>
                <item>
                    <type>portlet</type>
                    <uuids/>
                </item>
                <item>
                    <type>page</type>
                    <uuids/>
                </item>
                <item>
                    <type>application</type>
                    <uuids/>
                </item>
                <item>
                    <type>tempoFeed</type>
                    <uuids/>
                </item>
                <item>
                    <type>recordType</type>
                    <uuids/>
                </item>
                <item>
                    <type>recordField</type>
                    <uuids/>
                </item>
                <item>
                    <type>recordRelationship</type>
                    <uuids/>
                </item>
                <item>
                    <type>tempoReport</type>
                    <uuids/>
                </item>
                <item>
                    <type>taskReport</type>
                    <uuids/>
                </item>
                <item>
                    <type>webApi</type>
                    <uuids/>
                </item>
                <item>
                    <type>site</type>
                    <uuids/>
                </item>
                <item>
                    <type>adminSetting</type>
                    <uuids/>
                </item>
                <item>
                    <type>thirdPartyCredentials</type>
                    <uuids/>
                </item>
                <item>
                    <type>dataSource</type>
                    <uuids/>
                </item>
                <item>
                    <type>embeddedSailTheme</type>
                    <uuids/>
                </item>
                <item>
                    <type>connectedSystem</type>
                    <uuids/>
                </item>
                <item>
                    <type>pluginInfo</type>
                    <uuids/>
                </item>
                <item>
                    <type>featureFlag</type>
                    <uuids/>
                </item>
            </globalIdMap>
        </associatedApplications>
    </application>
    <roleMap>
        <contentRoleMap public="true">
            <role inherit="false" allowForAll="false" name="readers">
                <users/>
                <groups/>
            </role>
            <role inherit="false" allowForAll="false" name="authors">
                <users/>
                <groups/>
            </role>
            <role inherit="false" allowForAll="false" name="administrators">
                <users/>
                <groups>
                    <groupUuid>_e-0000e5d8-7dfc-8000-9b30-01075c01075c_30185</groupUuid>
                </groups>
            </role>
            <role inherit="false" allowForAll="false" name="denyReaders">
                <users/>
                <groups/>
            </role>
            <role inherit="false" allowForAll="false" name="denyAuthors">
                <users/>
                <groups/>
            </role>
            <role inherit="false" allowForAll="false" name="denyAdministrators">
                <users/>
                <groups/>
            </role>
        </contentRoleMap>
    </roleMap>
    <defaultApplicationObjects/>
    <applicationDocumentation/>
    <history>
        <historyInfo versionUuid="_a-0000e5d8-7dfc-8000-9be4-011c48011c48_4727388"/>
        <historyInfo versionUuid="_a-0000e5d8-7dfc-8000-9be4-011c48011c48_4736261"/>
        <historyInfo versionUuid="_a-0000e5d8-7dfc-8000-9be4-011c48011c48_4737543"/>
        <historyInfo versionUuid="_a-0000e5eb-24fe-8000-9be7-011c48011c48_4901872"/>
        <historyInfo versionUuid="_a-0000e5eb-24fe-8000-9be7-011c48011c48_5065658"/>
        <historyInfo versionUuid="_a-0000e7a7-6058-8000-9bd9-011c48011c48_2980842"/>
        <historyInfo versionUuid="_a-0000e7a7-6058-8000-9bd9-011c48011c48_2980867"/>
    </history>
    <postDeploymentProcessData>
        <processModelUuid>0002e694-2802-8000-3184-7f0000014e7a</processModelUuid>
        <processParameterName>deploymentUUID</processParameterName>
    </postDeploymentProcessData>
</applicationHaul>
