<?xml version="1.0" encoding="UTF-8" standalone="yes"?>
<contentHaul xmlns:a="http://www.appian.com/ae/types/2009">
    <versionUuid>_a-0000e664-d14f-8000-9bf0-011c48011c48_6248318</versionUuid>
    <rule>
        <name>EOS_DASH_viewEmployeeDetails</name>
        <uuid>_a-0000e5eb-24fe-8000-9be7-011c48011c48_4897320</uuid>
        <description>interface created to view employee details</description>
        <parentUuid>_a-0000e5d8-7dfc-8000-9be4-011c48011c48_4723458</parentUuid>
        <visibility>
            <advertise>false</advertise>
            <hierarchy>true</hierarchy>
            <indexable>true</indexable>
            <quota>false</quota>
            <searchable>true</searchable>
            <system>false</system>
            <unlogged>false</unlogged>
        </visibility>
        <definition>{
  #"SYSTEM_SYSRULES_sectionLayout_v1"(
    label: "Basic Details",
    contents: {
      #"SYSTEM_SYSRULES_columnsLayout"(
        columns: {
          #"SYSTEM_SYSRULES_columnLayout"(
            contents: {
              #"SYSTEM_SYSRULES_textField"(
                label: "Title",
                labelPosition: "JUSTIFIED",
                value: ri!employee.title,
                readOnly: true
              ),
              #"SYSTEM_SYSRULES_textField"(
                label: "First Name",
                labelPosition: "JUSTIFIED",
                value: ri!employee.firstName,
                readOnly: true
              ),
              #"SYSTEM_SYSRULES_textField"(
                label: "Middle Name",
                labelPosition: "JUSTIFIED",
                value: ri!employee.middleName,
                readOnly: true
              ),
              #"SYSTEM_SYSRULES_textField"(
                label: "Last Name",
                labelPosition: "JUSTIFIED",
                value: ri!employee.lastName,
                readOnly: true
              ),
              
            }
          ),
          #"SYSTEM_SYSRULES_columnLayout"(
            contents: {
              #"SYSTEM_SYSRULES_dateField"(
                label: "Date Of Birth",
                labelPosition: "JUSTIFIED",
                value: ri!employee.dob,
                readOnly: true
              ),
              #"SYSTEM_SYSRULES_textField"(
                label: "Gender",
                labelPosition: "JUSTIFIED",
                value: ri!employee.gender,
                readOnly: true
              ),
              #"SYSTEM_SYSRULES_textField"(
                label: "Nickname",
                labelPosition: "JUSTIFIED",
                value: ri!employee.nickName,
                readOnly: true
              ),
              #"SYSTEM_SYSRULES_textField"(
                label: "Blood Group",
                labelPosition: "JUSTIFIED",
                value: ri!employee.blooddGroup,
                readOnly: true
              ),
            }
          )
        }
      )
    },
    style: "NONE",
    height: "AUTO",
    marginBelow: "STANDARD"
  ),
  #"SYSTEM_SYSRULES_sectionLayout_v1"(
    label: "Address",
    contents: {
      #"SYSTEM_SYSRULES_columnsLayout"(
        columns: {
          #"SYSTEM_SYSRULES_columnLayout"(
            contents: {
              #"SYSTEM_SYSRULES_textField"(
                label: "Address Line1",
                labelPosition: "JUSTIFIED",
                value: ri!employee.addressLine1,
                readOnly: true
              ),
              #"SYSTEM_SYSRULES_textField"(
                label: "Address Line2",
                labelPosition: "JUSTIFIED",
                value: ri!employee.addressLine2,
                readOnly: true
              ),
              #"SYSTEM_SYSRULES_textField"(
                label: "Address Line3",
                labelPosition: "JUSTIFIED",
                value: ri!employee.addressLine3,
                readOnly: true
              ),
              #"SYSTEM_SYSRULES_textField"(
                label: "County",
                labelPosition: "JUSTIFIED",
                value: ri!employee.county,
                readOnly: true
              ),
              #"SYSTEM_SYSRULES_textField"(
                label: "City",
                labelPosition: "JUSTIFIED",
                value: ri!employee.city,
                readOnly: true
              ),
              #"SYSTEM_SYSRULES_textField"(
                label: "Unit Number",
                labelPosition: "JUSTIFIED",
                value: ri!employee.unitNo,
                readOnly: true
              )
            }
          ),
          #"SYSTEM_SYSRULES_columnLayout"(
            contents: {
              #"SYSTEM_SYSRULES_textField"(
                label: "Country",
                labelPosition: "JUSTIFIED",
                value: ri!employee.country,
                readOnly: true
              ),
              #"SYSTEM_SYSRULES_textField"(
                label: "State",
                labelPosition: "JUSTIFIED",
                value: ri!employee.state,
                readOnly: true
              ),
              #"SYSTEM_SYSRULES_textField"(
                label: "Zip Code",
                labelPosition: "JUSTIFIED",
                value: ri!employee.zipCode,
                readOnly: true
              ),
              #"SYSTEM_SYSRULES_textField"(
                label: "Land mark",
                labelPosition: "JUSTIFIED",
                value: ri!employee.landMark,
                readOnly: true
              )
            }
          )
        }
      )
    },
    style: "NONE",
    height: "AUTO",
    marginBelow: "STANDARD"
  ),
  #"SYSTEM_SYSRULES_sectionLayout_v1"(
    label: "Employment Details",
    contents: {
      #"SYSTEM_SYSRULES_columnsLayout"(
        columns: {
          #"SYSTEM_SYSRULES_columnLayout"(
            contents: {
              #"SYSTEM_SYSRULES_floatingPointField"(
                label: "Total Experience",
                labelPosition: "JUSTIFIED",
                value: ri!employee.totalExperience,
                readOnly: true
              ),
              #"SYSTEM_SYSRULES_textField"(
                label:"Last Employer",
                labelPosition: "JUSTIFIED",
                value:ri!employee.lastEmployer,
                readOnly: true
              ),
              #"SYSTEM_SYSRULES_textField"(
                label:"Last project role",
                labelPosition: "JUSTIFIED",
                value:ri!employee.lastProjejctRole,
                readOnly: true
              ),
              #"SYSTEM_SYSRULES_textField"(
                label:"Last project responsibility",
                labelPosition: "JUSTIFIED",
                value:ri!employee.lastProjejctResp,
                readOnly: true
              )
            }
          ),
          #"SYSTEM_SYSRULES_columnLayout"(
            contents: {
              #"SYSTEM_SYSRULES_floatingPointField"(
                label: "Relevant Experience",
                labelPosition: "JUSTIFIED",
                value: ri!employee.relevantExperience,
                readOnly: true
              ),
              #"SYSTEM_SYSRULES_textField"(
                label:"Last project description",
                labelPosition: "JUSTIFIED",
                value:ri!employee.lastProjDesc,
                readOnly: true
              ),
              #"SYSTEM_SYSRULES_textField"(
                label:"Last Project Manager",
                labelPosition: "JUSTIFIED",
                value:ri!employee.lastManagerName,
                readOnly: true
              )
            }
          )
        }
      )
    },
    style: "NONE",
    height: "AUTO",
    marginBelow: "STANDARD"
  ),
  #"SYSTEM_SYSRULES_sectionLayout_v1"(
    label: "Other Details",
    contents: {
      #"SYSTEM_SYSRULES_columnsLayout"(
        columns: {
          #"SYSTEM_SYSRULES_columnLayout"(
            contents: {
              #"SYSTEM_SYSRULES_textField"(
                label: "Father Name",
                labelPosition: "JUSTIFIED",
                value: ri!employee.fatherName,
                readOnly: true
              ),
              #"SYSTEM_SYSRULES_textField"(
                label: "Mother Name",
                labelPosition: "JUSTIFIED",
                value: ri!employee.motherName,
                readOnly: true
              )
            }
          ),
          #"SYSTEM_SYSRULES_columnLayout"(
            contents: {
              #"SYSTEM_SYSRULES_textField"(
                label: "Hobbies",
                labelPosition: "JUSTIFIED",
                value: ri!employee.hobbies,
                readOnly: true
              ),
              #"SYSTEM_SYSRULES_textField"(
                label: "National Id",
                labelPosition: "JUSTIFIED",
                value: ri!employee.nationalId,
                readOnly: true
              ),
              #"SYSTEM_SYSRULES_textField"(
                label: "Marital Status",
                labelPosition: "JUSTIFIED",
                value: ri!employee.maritalStatus,
                readOnly: true
              )
            }
          )
        }
      )
    },
    style: "NONE",
    height: "AUTO",
    marginBelow: "STANDARD"
  )
}</definition>
        <namedTypedValue>
            <name>employee</name>
            <type>
                <name>EOS_Employee</name>
                <namespace>urn:com:appian:types:EOS</namespace>
            </type>
        </namedTypedValue>
        <preferredEditor>interface</preferredEditor>
        <offlineEnabled>false</offlineEnabled>
    </rule>
    <roleMap public="true">
        <role inherit="true" allowForAll="false" name="readers">
            <users/>
            <groups/>
        </role>
        <role inherit="true" allowForAll="false" name="authors">
            <users/>
            <groups/>
        </role>
        <role inherit="true" allowForAll="false" name="administrators">
            <users/>
            <groups/>
        </role>
        <role inherit="false" allowForAll="false" name="denyReaders">
            <users/>
            <groups/>
        </role>
        <role inherit="false" allowForAll="false" name="denyAuthors">
            <users/>
            <groups/>
        </role>
        <role inherit="false" allowForAll="false" name="denyAdministrators">
            <users/>
            <groups/>
        </role>
    </roleMap>
    <history>
        <historyInfo versionUuid="_a-0000e5eb-24fe-8000-9be7-011c48011c48_4898509"/>
        <historyInfo versionUuid="_a-0000e5eb-24fe-8000-9be7-011c48011c48_4901817"/>
        <historyInfo versionUuid="_a-0000e5eb-24fe-8000-9be7-011c48011c48_4916498"/>
        <historyInfo versionUuid="_a-0000e5eb-24fe-8000-9be7-011c48011c48_4930731"/>
        <historyInfo versionUuid="_a-0000e5eb-24fe-8000-9be7-011c48011c48_4951419"/>
        <historyInfo versionUuid="_a-0000e5eb-24fe-8000-9be7-011c48011c48_4952682"/>
        <historyInfo versionUuid="_a-0000e60b-8db6-8000-9bea-011c48011c48_5274817"/>
        <historyInfo versionUuid="_a-0000e60b-8db6-8000-9bea-011c48011c48_5276261"/>
        <historyInfo versionUuid="_a-0000e60b-8db6-8000-9bea-011c48011c48_5322181"/>
        <historyInfo versionUuid="_a-0000e60b-8db6-8000-9bea-011c48011c48_5450027"/>
        <historyInfo versionUuid="_a-0000e636-ba4d-8000-9bed-011c48011c48_5572848"/>
        <historyInfo versionUuid="_a-0000e636-ba4d-8000-9bed-011c48011c48_5747797"/>
        <historyInfo versionUuid="_a-0000e636-ba4d-8000-9bed-011c48011c48_5852333"/>
        <historyInfo versionUuid="_a-0000e664-d14f-8000-9bf0-011c48011c48_6248318"/>
    </history>
</contentHaul>
