<?xml version="1.0" encoding="UTF-8" standalone="yes"?>
<contentHaul xmlns:a="http://www.appian.com/ae/types/2009">
    <versionUuid>_a-0000e7a7-6058-8000-9bd9-011c48011c48_2981921</versionUuid>
    <constant>
        <name>EOS_JENKINS_JIRA_NUMBER</name>
        <uuid>_a-0000e7a7-6058-8000-9bd9-011c48011c48_2980836</uuid>
        <description>Jenkins pipeline remote trigger token</description>
        <parentUuid>_a-0000e5d8-7dfc-8000-9be4-011c48011c48_4723446</parentUuid>
        <visibility>
            <advertise>false</advertise>
            <hierarchy>true</hierarchy>
            <indexable>true</indexable>
            <quota>false</quota>
            <searchable>true</searchable>
            <system>false</system>
            <unlogged>false</unlogged>
        </visibility>
        <typedValue>
            <type>
                <name>string</name>
                <namespace>http://www.w3.org/2001/XMLSchema</namespace>
            </type>
            <value>EOB-1</value>
        </typedValue>
        <isEnvironmentSpecific>false</isEnvironmentSpecific>
    </constant>
    <roleMap public="true">
        <role inherit="true" allowForAll="false" name="readers">
            <users/>
            <groups/>
        </role>
        <role inherit="true" allowForAll="false" name="authors">
            <users/>
            <groups/>
        </role>
        <role inherit="true" allowForAll="false" name="administrators">
            <users/>
            <groups/>
        </role>
        <role inherit="false" allowForAll="false" name="denyReaders">
            <users/>
            <groups/>
        </role>
        <role inherit="false" allowForAll="false" name="denyAuthors">
            <users/>
            <groups/>
        </role>
        <role inherit="false" allowForAll="false" name="denyAdministrators">
            <users/>
            <groups/>
        </role>
    </roleMap>
    <history>
        <historyInfo versionUuid="_a-0000e7a7-6058-8000-9bd9-011c48011c48_2980841"/>
        <historyInfo versionUuid="_a-0000e7a7-6058-8000-9bd9-011c48011c48_2981140"/>
        <historyInfo versionUuid="_a-0000e7a7-6058-8000-9bd9-011c48011c48_2981244"/>
        <historyInfo versionUuid="_a-0000e7a7-6058-8000-9bd9-011c48011c48_2981574"/>
        <historyInfo versionUuid="_a-0000e7a7-6058-8000-9bd9-011c48011c48_2981921"/>
    </history>
</contentHaul>
