<?xml version="1.0" encoding="UTF-8" standalone="yes"?>
<contentHaul xmlns:a="http://www.appian.com/ae/types/2009">
    <versionUuid>_a-0000e5d8-7dfc-8000-9be4-011c48011c48_4723598</versionUuid>
    <constant>
        <name>EOS_COUNTRY_LIST</name>
        <uuid>_a-0000e5d8-7dfc-8000-9be4-011c48011c48_4723587</uuid>
        <description>Country list</description>
        <parentUuid>_a-0000e5d8-7dfc-8000-9be4-011c48011c48_4723446</parentUuid>
        <visibility>
            <advertise>false</advertise>
            <hierarchy>true</hierarchy>
            <indexable>true</indexable>
            <quota>false</quota>
            <searchable>true</searchable>
            <system>false</system>
            <unlogged>false</unlogged>
        </visibility>
        <typedValue>
            <type>
                <name>Text?list</name>
                <namespace>http://www.appian.com/ae/types/2009</namespace>
            </type>
            <value>
                <el>Afghanistan</el>
                <el>Albania</el>
                <el>Algeria</el>
                <el>American Samoa</el>
                <el>Andorra</el>
                <el>Angola</el>
                <el>Anguilla</el>
                <el>Antarctica</el>
                <el>Antigua and Barbuda</el>
                <el>Argentina</el>
                <el>Armenia</el>
                <el>Aruba</el>
                <el>Australia</el>
                <el>Austria</el>
                <el>Azerbaijan</el>
                <el>Bahamas</el>
                <el>Bahrain</el>
                <el>Bangladesh</el>
                <el>Barbados</el>
                <el>Belarus</el>
                <el>Belgium</el>
                <el>Belize</el>
                <el>Benin</el>
                <el>Bermuda</el>
                <el>Bhutan</el>
                <el>Bolivia</el>
                <el>Bosnia and Herzegovina</el>
                <el>Botswana</el>
                <el>Bouvet Island</el>
                <el>Brazil</el>
                <el>British Indian Ocean Territory</el>
                <el>Brunei Darussalam</el>
                <el>Bulgaria</el>
                <el>Burkina Faso</el>
                <el>Burundi</el>
                <el>Cambodia</el>
                <el>Cameroon</el>
                <el>Canada</el>
                <el>Cape Verde</el>
                <el>Cayman Islands</el>
                <el>Central African Republic</el>
                <el>Chad</el>
                <el>Chile</el>
                <el>China</el>
                <el>Christmas Island</el>
                <el>Cocos (Keeling Islands)</el>
                <el>Colombia</el>
                <el>Comoros</el>
                <el>Congo</el>
                <el>Cook Islands</el>
                <el>Costa Rica</el>
                <el>Cote D'Ivoire (Ivory Coast)</el>
                <el>Croatia (Hrvatska</el>
                <el>Cuba</el>
                <el>Cyprus</el>
                <el>Czech Republic</el>
                <el>Denmark</el>
                <el>Djibouti</el>
                <el>Dominica</el>
                <el>Dominican Republic</el>
                <el>East Timor</el>
                <el>Ecuador</el>
                <el>Egypt</el>
                <el>El Salvador</el>
                <el>Equatorial Guinea</el>
                <el>Eritrea</el>
                <el>Estonia</el>
                <el>Ethiopia</el>
                <el>Falkland Islands (Malvinas)</el>
                <el>Faroe Islands</el>
                <el>Fiji</el>
                <el>Finland</el>
                <el>France</el>
                <el>Metropolitan</el>
                <el>French Guiana</el>
                <el>French Polynesia</el>
                <el>French Southern Territories</el>
                <el>Gabon</el>
                <el>Gambia</el>
                <el>Georgia</el>
                <el>Germany</el>
                <el>Ghana</el>
                <el>Gibraltar</el>
                <el>Greece</el>
                <el>Greenland</el>
                <el>Grenada</el>
                <el>Guadeloupe</el>
                <el>Guam</el>
                <el>Guatemala</el>
                <el>Guinea</el>
                <el>Guinea-Bissau</el>
                <el>Guyana</el>
                <el>Haiti</el>
                <el>Heard and McDonald Islands</el>
                <el>Honduras</el>
                <el>Hong Kong</el>
                <el>Hungary</el>
                <el>Iceland</el>
                <el>India</el>
                <el>Indonesia</el>
                <el>Iran</el>
                <el>Iraq</el>
                <el>Ireland</el>
                <el>Israel</el>
                <el>Italy</el>
                <el>Jamaica</el>
                <el>Japan</el>
                <el>Jordan</el>
                <el>Kazakhstan</el>
                <el>Kenya</el>
                <el>Kiribati</el>
                <el>Korea (North)</el>
                <el>Korea (South)</el>
                <el>Kuwait</el>
                <el>Kyrgyzstan</el>
                <el>Laos</el>
                <el>Latvia</el>
                <el>Lebanon</el>
                <el>Lesotho</el>
                <el>Liberia</el>
                <el>Libya</el>
                <el>Liechtenstein</el>
                <el>Lithuania</el>
                <el>Luxembourg</el>
                <el>Macau</el>
                <el>Macedonia</el>
                <el>Madagascar</el>
                <el>Malawi</el>
                <el>Malaysia</el>
                <el>Maldives</el>
                <el>Mali</el>
                <el>Malta</el>
                <el>Marshall Islands</el>
                <el>Martinique</el>
                <el>Mauritania</el>
                <el>Mauritius</el>
                <el>Mayotte</el>
                <el>Mexico</el>
                <el>Micronesia</el>
                <el>Moldova</el>
                <el>Monaco</el>
                <el>Mongolia</el>
                <el>Montserrat</el>
                <el>Morocco</el>
                <el>Mozambique</el>
                <el>Myanmar</el>
                <el>Namibia</el>
                <el>Nauru</el>
                <el>Nepal</el>
                <el>Netherlands</el>
                <el>Netherlands Antilles</el>
                <el>New Caledonia</el>
                <el>New Zealand</el>
                <el>Nicaragua</el>
                <el>Niger</el>
                <el>Nigeria</el>
                <el>Niue</el>
                <el>Norfolk Island</el>
                <el>Northern Mariana Islands</el>
                <el>Norway</el>
                <el>Oman</el>
                <el>Pakistan</el>
                <el>Palau</el>
                <el>Panama</el>
                <el>Papua New Guinea</el>
                <el>Paraguay</el>
                <el>Peru</el>
                <el>Philippines</el>
                <el>Pitcairn</el>
                <el>Poland</el>
                <el>Portugal</el>
                <el>Puerto Rico</el>
                <el>Qatar</el>
                <el>Reunion</el>
                <el>Romania</el>
                <el>Russian Federation</el>
                <el>Rwanda</el>
                <el>Saint Kitts and Nevis</el>
                <el>Saint Lucia</el>
                <el>Saint Vincent and The Grenadines</el>
                <el>Samoa</el>
                <el>San Marino</el>
                <el>Sao Tome and Principe</el>
                <el>Saudi Arabia</el>
                <el>Senegal</el>
                <el>Seychelles</el>
                <el>Sierra Leone</el>
                <el>Singapore</el>
                <el>Slovak Republic</el>
                <el>Slovenia</el>
                <el>Solomon Islands</el>
                <el>Somalia</el>
                <el>South Africa</el>
                <el>S. Georgia and S. Sandwich Isls.</el>
                <el>Spain</el>
                <el>Sri Lanka</el>
                <el>St. Helena</el>
                <el>St. Pierre and Miquelon</el>
                <el>Sudan</el>
                <el>Suriname</el>
                <el>Svalbard and Jan Mayen Islands</el>
                <el>Swaziland</el>
                <el>Sweden</el>
                <el>Switzerland</el>
                <el>Syria</el>
                <el>Taiwan</el>
                <el>Tajikistan</el>
                <el>Tanzania</el>
                <el>Thailand</el>
                <el>Togo</el>
                <el>Tokelau</el>
                <el>Tonga</el>
                <el>Trinidad and Tobago</el>
                <el>Tunisia</el>
                <el>Turkey</el>
                <el>Turkmenistan</el>
                <el>Turks and Caicos Islands</el>
                <el>Tuvalu</el>
                <el>Uganda</el>
                <el>Ukraine</el>
                <el>United Arab Emirates</el>
                <el>United Kingdom (Britain / UK)</el>
                <el>United States of America (USA)</el>
                <el>US Minor Outlying Islands</el>
                <el>Uruguay</el>
                <el>Uzbekistan</el>
                <el>Vanuatu</el>
                <el>Vatican City State (Holy See)</el>
                <el>Venezuela</el>
                <el>Viet Nam</el>
                <el>Virgin Islands (British)</el>
                <el>Virgin Islands (US)</el>
                <el>Wallis and Futuna Islands</el>
                <el>Western Sahara</el>
                <el>Yemen</el>
                <el>Yugoslavia</el>
                <el>Zaire</el>
                <el>Zambia</el>
                <el>Zimbabwe</el>
            </value>
        </typedValue>
        <isEnvironmentSpecific>false</isEnvironmentSpecific>
    </constant>
    <roleMap public="true">
        <role inherit="true" allowForAll="false" name="readers">
            <users/>
            <groups/>
        </role>
        <role inherit="true" allowForAll="false" name="authors">
            <users/>
            <groups/>
        </role>
        <role inherit="true" allowForAll="false" name="administrators">
            <users/>
            <groups/>
        </role>
        <role inherit="false" allowForAll="false" name="denyReaders">
            <users/>
            <groups/>
        </role>
        <role inherit="false" allowForAll="false" name="denyAuthors">
            <users/>
            <groups/>
        </role>
        <role inherit="false" allowForAll="false" name="denyAdministrators">
            <users/>
            <groups/>
        </role>
    </roleMap>
    <history>
        <historyInfo versionUuid="_a-0000e5d8-7dfc-8000-9be4-011c48011c48_4723598"/>
    </history>
</contentHaul>
