<?xml version="1.0" encoding="UTF-8" standalone="yes"?>
<contentHaul xmlns:a="http://www.appian.com/ae/types/2009">
    <versionUuid>_a-0000e5eb-24fe-8000-9be7-011c48011c48_5065978</versionUuid>
    <rule>
        <name>EOS_TestInterface</name>
        <uuid>_a-0000e5eb-24fe-8000-9be7-011c48011c48_5062008</uuid>
        <description>EOS_TestInterface</description>
        <parentUuid>_a-0000e5d8-7dfc-8000-9be4-011c48011c48_4723458</parentUuid>
        <visibility>
            <advertise>false</advertise>
            <hierarchy>true</hierarchy>
            <indexable>true</indexable>
            <quota>false</quota>
            <searchable>true</searchable>
            <system>false</system>
            <unlogged>false</unlogged>
        </visibility>
        <definition>#"SYSTEM_SYSRULES_headerContentLayout"(
  header: {
    #"SYSTEM_SYSRULES_cardLayout"(
      contents: {},
      style: "#666666",
      height: "AUTO",
      marginBelow: "STANDARD",
      showBorder: false
    )
  },
  contents: {
    #"SYSTEM_SYSRULES_columnsLayout"(
      columns: {
        #"SYSTEM_SYSRULES_columnLayout"(
          contents: {
            #"SYSTEM_SYSRULES_cardLayout"(
              contents: {},
              style: "NONE",
              height: "MEDIUM",
              marginBelow: "STANDARD"
            ),
            #"SYSTEM_SYSRULES_cardLayout"(
              contents: {},
              style: "NONE",
              height: "MEDIUM",
              marginBelow: "STANDARD"
            )
          }
        ),
        #"SYSTEM_SYSRULES_columnLayout"(
          contents: {
            #"SYSTEM_SYSRULES_cardLayout"(
              contents: {},
              style: "NONE",
              height: "MEDIUM",
              marginBelow: "STANDARD"
            ),
            #"SYSTEM_SYSRULES_cardLayout"(
              contents: {},
              style: "NONE",
              height: "MEDIUM",
              marginBelow: "STANDARD"
            )
          }
        ),
        #"SYSTEM_SYSRULES_columnLayout"(
          contents: {
            #"SYSTEM_SYSRULES_cardLayout"(
              contents: {},
              style: "NONE",
              height: "MEDIUM",
              marginBelow: "STANDARD"
            ),
            #"SYSTEM_SYSRULES_cardLayout"(
              contents: {},
              style: "NONE",
              height: "MEDIUM",
              marginBelow: "STANDARD"
            )
          }
        ),
        #"SYSTEM_SYSRULES_columnLayout"(
          contents: {
            #"SYSTEM_SYSRULES_cardLayout"(
              contents: {},
              style: "NONE",
              height: "MEDIUM",
              marginBelow: "STANDARD"
            ),
            #"SYSTEM_SYSRULES_cardLayout"(
              contents: {},
              style: "NONE",
              height: "MEDIUM",
              marginBelow: "STANDARD"
            )
          }
        )
      }
    )
  }
)</definition>
        <preferredEditor>interface</preferredEditor>
        <offlineEnabled>false</offlineEnabled>
    </rule>
    <roleMap public="true">
        <role inherit="true" allowForAll="false" name="readers">
            <users/>
            <groups/>
        </role>
        <role inherit="true" allowForAll="false" name="authors">
            <users/>
            <groups/>
        </role>
        <role inherit="true" allowForAll="false" name="administrators">
            <users/>
            <groups/>
        </role>
        <role inherit="false" allowForAll="false" name="denyReaders">
            <users/>
            <groups/>
        </role>
        <role inherit="false" allowForAll="false" name="denyAuthors">
            <users/>
            <groups/>
        </role>
        <role inherit="false" allowForAll="false" name="denyAdministrators">
            <users/>
            <groups/>
        </role>
    </roleMap>
    <history>
        <historyInfo versionUuid="_a-0000e5eb-24fe-8000-9be7-011c48011c48_5062019"/>
        <historyInfo versionUuid="_a-0000e5eb-24fe-8000-9be7-011c48011c48_5065978"/>
    </history>
</contentHaul>
