<?xml version="1.0" encoding="UTF-8" standalone="yes"?>
<contentHaul xmlns:a="http://www.appian.com/ae/types/2009">
    <versionUuid>_a-0000e7a7-6058-8000-9bd9-011c48011c48_2981705</versionUuid>
    <rule>
        <name>EOS_FORM_captureEmployeeDetails</name>
        <uuid>_a-0000e5d8-7dfc-8000-9be4-011c48011c48_4723509</uuid>
        <description>This interface is created to capture employee details</description>
        <parentUuid>_a-0000e5d8-7dfc-8000-9be4-011c48011c48_4723458</parentUuid>
        <visibility>
            <advertise>false</advertise>
            <hierarchy>true</hierarchy>
            <indexable>true</indexable>
            <quota>false</quota>
            <searchable>true</searchable>
            <system>false</system>
            <unlogged>false</unlogged>
        </visibility>
        <definition>a!localVariables(
  local!activeStep: 1,
  local!steps: {
    "Basic Details",
    "Employment Details",
    "Other Details"
  },
  #"SYSTEM_SYSRULES_formLayout_v1"(
    label:"Employee Onboarding Form",
    instructions: "Please complete below form",
    contents: {
      #"SYSTEM_SYSRULES_columnsLayout"(
        columns: {
          #"SYSTEM_SYSRULES_columnLayout"(
            contents: {
              #"SYSTEM_SYSRULES_milestoneField"(
                steps: local!steps,
                links: #"SYSTEM_SYSRULES_forEach"(
                  items: local!steps,
                  expression: if(
                    local!activeStep &lt;= fv!index,
                    null,
                    #"SYSTEM_SYSRULES_dynamicLink"(
                      saveInto: a!save(
                        local!activeStep,
                        fv!index
                      )
                    )
                  )
                ),
                active: local!activeStep,
                orientation: "VERTICAL"
              )
            },
            width: "NARROW"
          ),
          #"SYSTEM_SYSRULES_columnLayout"(
            contents: {
              #"SYSTEM_SYSRULES_richTextDisplayField"(
                labelPosition: "COLLAPSED",
                value: {
                  #"SYSTEM_SYSRULES_richTextItem_v1"(
                    text: index(
                      local!steps,
                      local!activeStep,
                      1
                    ),
                    size: "LARGE"
                  )
                }
              ),
              /*Basic Details*/
              #"SYSTEM_SYSRULES_sectionLayout_v1"(
                contents: {
                  #"SYSTEM_SYSRULES_columnsLayout"(
                    columns: {
                      #"SYSTEM_SYSRULES_columnLayout"(
                        contents: {
                          #"SYSTEM_SYSRULES_textField"(
                            label: "Title",
                            labelPosition: if(
                              ri!readOnly,
                              "ADJACENT",
                              "ABOVE"
                            ),
                            value: ri!employee.title,
                            saveInto: ri!employee.title,
                            readOnly: ri!readOnly,
                            validations: if(
                              len(
                                ri!employee.title
                              ) &gt; 10,
                              "Title must not be more than 10 characters",
                              null
                            )
                          ),
                          #"SYSTEM_SYSRULES_textField"(
                            label: "First Name",
                            labelPosition: if(
                              ri!readOnly,
                              "ADJACENT",
                              "ABOVE"
                            ),
                            value: ri!employee.firstName,
                            saveInto: ri!employee.firstName,
                            readOnly: ri!readOnly,
                            required: true,
                            requiredMessage: "First Name must not be blank",
                            validations: if(
                              len(
                                ri!employee.firstName
                              ) &gt; 255,
                              "Value may not be longer than 255 characters. You have entered " &amp; len(
                                ri!employee.firstName
                              ) &amp; " characters.",
                              null
                            )
                          ),
                          #"SYSTEM_SYSRULES_textField"(
                            label: "Middle Name",
                            labelPosition: if(
                              ri!readOnly,
                              "ADJACENT",
                              "ABOVE"
                            ),
                            value: ri!employee.middleName,
                            saveInto: ri!employee.middleName,
                            readOnly: ri!readOnly,
                            validations: if(
                              len(
                                ri!employee.middleName
                              ) &gt; 50,
                              "Middle Name must not be more than 50 characters",
                              null
                            )
                          ),
                          #"SYSTEM_SYSRULES_textField"(
                            label: "Last Name",
                            labelPosition: if(
                              ri!readOnly,
                              "ADJACENT",
                              "ABOVE"
                            ),
                            value: ri!employee.lastName,
                            saveInto: ri!employee.lastName,
                            readOnly: ri!readOnly,
                            required: true,
                            requiredMessage: "Last Name must not be blank",
                            validations: if(
                              len(
                                ri!employee.lastName
                              ) &gt; 255,
                              "Value may not be longer than 255 characters. You have entered " &amp; len(
                                ri!employee.lastName
                              ) &amp; " characters.",
                              null
                            )
                          )
                        }
                      ),
                      #"SYSTEM_SYSRULES_columnLayout"(
                        contents: {
                          #"SYSTEM_SYSRULES_dateField"(
                            label: "Date Of Birth",
                            labelPosition: if(
                              ri!readOnly,
                              "ADJACENT",
                              "ABOVE"
                            ),
                            value: ri!employee.dob,
                            saveInto: ri!employee.dob,
                            readOnly: ri!readOnly
                          ),
                          #"SYSTEM_SYSRULES_radioButtonField"(
                            label: "Gender",
                            labelPosition: if(
                              ri!readOnly,
                              "ADJACENT",
                              "ABOVE"
                            ),
                            choiceLabels: {
                              "Male",
                              "Female"
                            },
                            choiceValues: {
                              "Male",
                              "Female"
                            },
                            value: ri!employee.gender,
                            saveInto: ri!employee.gender,
                            choiceLayout: "COMPACT"
                          ),
                          #"SYSTEM_SYSRULES_textField"(
                            label: "Nickname",
                            labelPosition: if(
                              ri!readOnly,
                              "ADJACENT",
                              "ABOVE"
                            ),
                            value: ri!employee.nickName,
                            saveInto: ri!employee.nickName,
                            readOnly: ri!readOnly,
                            validations: if(
                              len(
                                ri!employee.nickName
                              ) &gt; 100,
                              "Nickname must not be more than 100 characters",
                              null
                            )
                          ),
                          #"SYSTEM_SYSRULES_textField"(
                            label: "Blood Group",
                            labelPosition: if(
                              ri!readOnly,
                              "ADJACENT",
                              "ABOVE"
                            ),
                            value: ri!employee.blooddGroup,
                            saveInto: ri!employee.blooddGroup,
                            readOnly: ri!readOnly,
                            validations: if(
                              len(
                                ri!employee.blooddGroup
                              ) &gt; 3,
                              "Blood Group must not be more than 3 characters",
                              null
                            )
                          ),
                        }
                      )
                    }
                  )
                },
                showWhen: local!activeStep = 1
              ),
              /*Employment Details*/
              #"SYSTEM_SYSRULES_sectionLayout_v1"(
                contents: {
                  #"SYSTEM_SYSRULES_columnsLayout"(
                    columns: {
                      #"SYSTEM_SYSRULES_columnLayout"(
                        contents: {
                          #"SYSTEM_SYSRULES_integerField"(
                            label: "Total Experience",
                            labelPosition: if(
                              ri!readOnly,
                              "ADJACENT",
                              "ABOVE"
                            ),
                            value: ri!employee.totalExperience,
                            saveInto: ri!employee.totalExperience,
                            readOnly: ri!readOnly
                          ),
                          #"SYSTEM_SYSRULES_textField"(
                            label: "Last Employer",
                            labelPosition: if(
                              ri!readOnly,
                              "ADJACENT",
                              "ABOVE"
                            ),
                            value: ri!employee.lastEmployer,
                            saveInto: ri!employee.lastEmployer,
                            readOnly: ri!readOnly,
                            validations: if(
                              len(
                                ri!employee.lastEmployer
                              ) &gt; 50,
                              "Last Employer must not be more than 50 characters",
                              null
                            )
                          ),
                          #"SYSTEM_SYSRULES_textField"(
                            label: "Last project role",
                            labelPosition: if(
                              ri!readOnly,
                              "ADJACENT",
                              "ABOVE"
                            ),
                            value: ri!employee.lastProjejctRole,
                            saveInto: ri!employee.lastProjejctRole,
                            readOnly: ri!readOnly,
                            validations: if(
                              len(
                                ri!employee.lastProjejctRole
                              ) &gt; 50,
                              "Last project role must not be more than 50 characters",
                              null
                            )
                          ),
                          #"SYSTEM_SYSRULES_textField"(
                            label: "Last project responsibility",
                            labelPosition: if(
                              ri!readOnly,
                              "ADJACENT",
                              "ABOVE"
                            ),
                            value: ri!employee.lastProjejctResp,
                            saveInto: ri!employee.lastProjejctResp,
                            readOnly: ri!readOnly,
                            validations: if(
                              len(
                                ri!employee.lastProjejctResp
                              ) &gt; 100,
                              "Last project responsibility must not be more than 100 characters",
                              null
                            )
                          )
                        }
                      ),
                      #"SYSTEM_SYSRULES_columnLayout"(
                        contents: {
                          #"SYSTEM_SYSRULES_integerField"(
                            label: "Relevant Experience",
                            labelPosition: if(
                              ri!readOnly,
                              "ADJACENT",
                              "ABOVE"
                            ),
                            value: ri!employee.relevantExperience,
                            saveInto: ri!employee.relevantExperience,
                            readOnly: ri!readOnly,
                            validations: {
                              if(
                                ri!employee.relevantExperience &gt;= ri!employee.totalExperience,
                                "Relevant Experience must not be greater than total experience",
                                null
                              )
                            }
                          ),
                          #"SYSTEM_SYSRULES_textField"(
                            label: "Last project description",
                            labelPosition: if(
                              ri!readOnly,
                              "ADJACENT",
                              "ABOVE"
                            ),
                            value: ri!employee.lastProjDesc,
                            saveInto: ri!employee.lastProjDesc,
                            readOnly: ri!readOnly,
                            validations: if(
                              len(
                                ri!employee.lastProjDesc
                              ) &gt; 100,
                              "Last project description must not be more than 100 characters",
                              null
                            ),
                            required: true,
                            requiredMessage: "Last project description must not be blank"
                          ),
                          #"SYSTEM_SYSRULES_textField"(
                            label: "Last Project Manager",
                            labelPosition: if(
                              ri!readOnly,
                              "ADJACENT",
                              "ABOVE"
                            ),
                            value: ri!employee.lastManagerName,
                            saveInto: ri!employee.lastManagerName,
                            readOnly: ri!readOnly,
                            validations: if(
                              len(
                                ri!employee.lastManagerName
                              ) &gt; 50,
                              "Last Project Manager must not be more than 50 characters",
                              null
                            )
                          ),
                        }
                      )
                    }
                  )
                },
                showWhen: local!activeStep = 2
              ),
              /*Other Details*/
              #"SYSTEM_SYSRULES_sectionLayout_v1"(
                contents: {
                  #"SYSTEM_SYSRULES_columnsLayout"(
                    columns: {
                      #"SYSTEM_SYSRULES_columnLayout"(
                        contents: {
                          #"SYSTEM_SYSRULES_textField"(
                            label: "Father Name",
                            labelPosition: if(
                              ri!readOnly,
                              "ADJACENT",
                              "ABOVE"
                            ),
                            value: ri!employee.fatherName,
                            saveInto: ri!employee.fatherName,
                            readOnly: ri!readOnly,
                            validations: if(
                              len(
                                ri!employee.fatherName
                              ) &gt; 255,
                              "Value may not be longer than 255 characters. You have entered " &amp; len(
                                ri!employee.fatherName
                              ) &amp; " characters.",
                              null
                            )
                          ),
                          #"SYSTEM_SYSRULES_textField"(
                            label: "Mother Name",
                            labelPosition: if(
                              ri!readOnly,
                              "ADJACENT",
                              "ABOVE"
                            ),
                            value: ri!employee.motherName,
                            saveInto: ri!employee.motherName,
                            readOnly: ri!readOnly,
                            validations: if(
                              len(
                                ri!employee.motherName
                              ) &gt; 255,
                              "Value may not be longer than 255 characters. You have entered " &amp; len(
                                ri!employee.motherName
                              ) &amp; " characters.",
                              null
                            )
                          ),
                          #"SYSTEM_SYSRULES_fileUploadField_v1"(
                            label: "Employee Photo",
                            labelPosition: if(
                              ri!readOnly,
                              "ADJACENT",
                              "ABOVE"
                            ),
                            target: #"_a-0000e5d8-7dfc-8000-9be4-011c48011c48_4723646",
                            value: ri!employee.photo,
                            saveInto: ri!employee.photo
                          )
                        }
                      ),
                      #"SYSTEM_SYSRULES_columnLayout"(
                        contents: {
                          #"SYSTEM_SYSRULES_textField"(
                            label: "Hobbies",
                            labelPosition: if(
                              ri!readOnly,
                              "ADJACENT",
                              "ABOVE"
                            ),
                            value: ri!employee.hobbies,
                            saveInto: ri!employee.hobbies,
                            readOnly: ri!readOnly,
                            validations: if(
                              len(
                                ri!employee.hobbies
                              ) &gt; 500,
                              "Value may not be longer than 500 characters. You have entered " &amp; len(
                                ri!employee.hobbies
                              ) &amp; " characters.",
                              null
                            )
                          ),
                          #"SYSTEM_SYSRULES_textField"(
                            label: "National Id",
                            labelPosition: if(
                              ri!readOnly,
                              "ADJACENT",
                              "ABOVE"
                            ),
                            value: ri!employee.nationalId,
                            saveInto: ri!employee.nationalId,
                            readOnly: ri!readOnly,
                            validations: if(
                              len(
                                ri!employee.nationalId
                              ) &gt; 255,
                              "Value may not be longer than 255 characters. You have entered " &amp; len(
                                ri!employee.nationalId
                              ) &amp; " characters.",
                              null
                            )
                          ),
                          #"SYSTEM_SYSRULES_textField"(
                            label: "Marital Status",
                            labelPosition: if(
                              ri!readOnly,
                              "ADJACENT",
                              "ABOVE"
                            ),
                            value: ri!employee.maritalStatus,
                            saveInto: ri!employee.maritalStatus,
                            readOnly: ri!readOnly,
                            validations: if(
                              len(
                                ri!employee.maritalStatus
                              ) &gt; 100,
                              "Value may not be longer than 100 characters. You have entered " &amp; len(
                                ri!employee.maritalStatus
                              ) &amp; " characters.",
                              null
                            )
                          )
                        }
                      )
                    }
                  )
                },
                showWhen: local!activeStep = 3
              )
            },
            width: "AUTO"
          )
        }
      )
    },
    buttons:#"SYSTEM_SYSRULES_ButtonLayout"(
      primaryButtons: {
        #"SYSTEM_SYSRULES_ButtonWidget"(
          label: "Next",
          saveInto: a!save(local!activeStep, local!activeStep + 1),
          style: "PRIMARY",
          showWhen: local!activeStep &lt;&gt; length(local!steps),
          validate: true
        ),
        #"SYSTEM_SYSRULES_ButtonWidget"(
          label: #"_a-0000e5d8-7dfc-8000-9be4-011c48011c48_4723522",
          value:#"_a-0000e5d8-7dfc-8000-9be4-011c48011c48_4723522",
          saveInto: ri!buttonAction,
          submit: true,
          style: "PRIMARY",
          showWhen: local!activeStep = length(local!steps)
        )
      },
      secondaryButtons: {
        #"SYSTEM_SYSRULES_ButtonWidget"(
          label: "Go Back",
          saveInto: a!save(local!activeStep, local!activeStep - 1),
          showWhen: local!activeStep &lt;&gt; 1
        ),
        #"SYSTEM_SYSRULES_ButtonWidget"(
          label: "Cancel",
          value: #"_a-0000e5d8-7dfc-8000-9be4-011c48011c48_4723528",
          saveInto: ri!buttonAction,
          submit: true,
          validate: false
        )
      }
    )
  )
)</definition>
        <namedTypedValue>
            <name>employee</name>
            <type>
                <name>EOS_Employee</name>
                <namespace>urn:com:appian:types:EOS</namespace>
            </type>
        </namedTypedValue>
        <namedTypedValue>
            <name>buttonAction</name>
            <type>
                <name>string</name>
                <namespace>http://www.w3.org/2001/XMLSchema</namespace>
            </type>
            <value/>
        </namedTypedValue>
        <namedTypedValue>
            <name>readOnly</name>
            <type>
                <name>boolean</name>
                <namespace>http://www.w3.org/2001/XMLSchema</namespace>
            </type>
        </namedTypedValue>
        <preferredEditor>interface</preferredEditor>
        <offlineEnabled>false</offlineEnabled>
    </rule>
    <roleMap public="true">
        <role inherit="true" allowForAll="false" name="readers">
            <users/>
            <groups/>
        </role>
        <role inherit="true" allowForAll="false" name="authors">
            <users/>
            <groups/>
        </role>
        <role inherit="true" allowForAll="false" name="administrators">
            <users/>
            <groups/>
        </role>
        <role inherit="false" allowForAll="false" name="denyReaders">
            <users/>
            <groups/>
        </role>
        <role inherit="false" allowForAll="false" name="denyAuthors">
            <users/>
            <groups/>
        </role>
        <role inherit="false" allowForAll="false" name="denyAdministrators">
            <users/>
            <groups/>
        </role>
    </roleMap>
    <typedValue>
        <type>
            <name>RuleTestConfig?list</name>
            <namespace>http://www.appian.com/ae/types/2009</namespace>
        </type>
        <value>
            <el>
                <a:name/>
                <a:ruleInputTestConfigs>
                    <a:value xmlns:xsi="http://www.w3.org/2001/XMLSchema-instance" xsi:type="a:Expression">'type!{urn:com:appian:types:EOS}EOS_Employee'()</a:value>
                    <a:nameRef>employee</a:nameRef>
                    <a:id>1</a:id>
                </a:ruleInputTestConfigs>
                <a:ruleInputTestConfigs>
                    <a:value xmlns:xsd="http://www.w3.org/2001/XMLSchema" xmlns:xsi="http://www.w3.org/2001/XMLSchema-instance" xsi:type="xsd:string"/>
                    <a:nameRef>buttonAction</a:nameRef>
                    <a:id>2</a:id>
                </a:ruleInputTestConfigs>
                <a:ruleInputTestConfigs>
                    <a:value xmlns:xsd="http://www.w3.org/2001/XMLSchema" xmlns:xsi="http://www.w3.org/2001/XMLSchema-instance" xsi:nil="true" xsi:type="xsd:boolean"/>
                    <a:nameRef>readOnly</a:nameRef>
                    <a:id>3</a:id>
                </a:ruleInputTestConfigs>
                <a:assertions xmlns:xsi="http://www.w3.org/2001/XMLSchema-instance" xsi:nil="true"/>
            </el>
        </value>
    </typedValue>
    <history>
        <historyInfo versionUuid="_a-0000e5d8-7dfc-8000-9be4-011c48011c48_4728988"/>
        <historyInfo versionUuid="_a-0000e5d8-7dfc-8000-9be4-011c48011c48_4749969"/>
        <historyInfo versionUuid="_a-0000e5d8-7dfc-8000-9be4-011c48011c48_4750005"/>
        <historyInfo versionUuid="_a-0000e5d8-7dfc-8000-9be4-011c48011c48_4750799"/>
        <historyInfo versionUuid="_a-0000e5d8-7dfc-8000-9be4-011c48011c48_4751107"/>
        <historyInfo versionUuid="_a-0000e5d8-7dfc-8000-9be4-011c48011c48_4756940"/>
        <historyInfo versionUuid="_a-0000e5d8-7dfc-8000-9be4-011c48011c48_4762811"/>
        <historyInfo versionUuid="_a-0000e5d8-7dfc-8000-9be4-011c48011c48_4764199"/>
        <historyInfo versionUuid="_a-0000e5d8-7dfc-8000-9be4-011c48011c48_4764242"/>
        <historyInfo versionUuid="_a-0000e5d8-7dfc-8000-9be4-011c48011c48_4769181"/>
        <historyInfo versionUuid="_a-0000e5d8-7dfc-8000-9be4-011c48011c48_4769599"/>
        <historyInfo versionUuid="_a-0000e5d8-7dfc-8000-9be4-011c48011c48_4772867"/>
        <historyInfo versionUuid="_a-0000e5eb-24fe-8000-9be7-011c48011c48_4895850"/>
        <historyInfo versionUuid="_a-0000e5eb-24fe-8000-9be7-011c48011c48_4901982"/>
        <historyInfo versionUuid="_a-0000e5eb-24fe-8000-9be7-011c48011c48_4916104"/>
        <historyInfo versionUuid="_a-0000e5eb-24fe-8000-9be7-011c48011c48_4917280"/>
        <historyInfo versionUuid="_a-0000e5eb-24fe-8000-9be7-011c48011c48_4917331"/>
        <historyInfo versionUuid="_a-0000e5eb-24fe-8000-9be7-011c48011c48_4930720"/>
        <historyInfo versionUuid="_a-0000e5eb-24fe-8000-9be7-011c48011c48_4932329"/>
        <historyInfo versionUuid="_a-0000e5eb-24fe-8000-9be7-011c48011c48_4932538"/>
        <historyInfo versionUuid="_a-0000e5eb-24fe-8000-9be7-011c48011c48_4951407"/>
        <historyInfo versionUuid="_a-0000e5eb-24fe-8000-9be7-011c48011c48_4952669"/>
        <historyInfo versionUuid="_a-0000e5eb-24fe-8000-9be7-011c48011c48_4982755"/>
        <historyInfo versionUuid="_a-0000e60b-8db6-8000-9bea-011c48011c48_5161074"/>
        <historyInfo versionUuid="_a-0000e60b-8db6-8000-9bea-011c48011c48_5162234"/>
        <historyInfo versionUuid="_a-0000e60b-8db6-8000-9bea-011c48011c48_5274803"/>
        <historyInfo versionUuid="_a-0000e60b-8db6-8000-9bea-011c48011c48_5276246"/>
        <historyInfo versionUuid="_a-0000e60b-8db6-8000-9bea-011c48011c48_5322165"/>
        <historyInfo versionUuid="_a-0000e60b-8db6-8000-9bea-011c48011c48_5450010"/>
        <historyInfo versionUuid="_a-0000e636-ba4d-8000-9bed-011c48011c48_5572823"/>
        <historyInfo versionUuid="_a-0000e636-ba4d-8000-9bed-011c48011c48_5747588"/>
        <historyInfo versionUuid="_a-0000e636-ba4d-8000-9bed-011c48011c48_5852303"/>
        <historyInfo versionUuid="_a-0000e664-d14f-8000-9bf0-011c48011c48_6248296"/>
        <historyInfo versionUuid="_a-0000e66e-0588-8000-9bc5-011c48011c48_2718769"/>
        <historyInfo versionUuid="_a-0000e7a7-6058-8000-9bd9-011c48011c48_2981167"/>
        <historyInfo versionUuid="_a-0000e7a7-6058-8000-9bd9-011c48011c48_2981237"/>
        <historyInfo versionUuid="_a-0000e7a7-6058-8000-9bd9-011c48011c48_2981303"/>
        <historyInfo versionUuid="_a-0000e7a7-6058-8000-9bd9-011c48011c48_2981705"/>
    </history>
</contentHaul>
