<?xml version="1.0" encoding="UTF-8" standalone="yes"?>
<contentHaul xmlns:a="http://www.appian.com/ae/types/2009">
    <versionUuid>_a-0000e5eb-24fe-8000-9be7-011c48011c48_5065690</versionUuid>
    <rulesFolder>
        <name>EOS Rules And Constants</name>
        <uuid>_a-0000e5d8-7dfc-8000-9be4-011c48011c48_4723439</uuid>
        <description>Folder is created for EOS Rules and constants</description>
        <parentUuid>SYSTEM_RULES_ROOT</parentUuid>
        <visibility>
            <advertise>false</advertise>
            <hierarchy>true</hierarchy>
            <indexable>true</indexable>
            <quota>false</quota>
            <searchable>true</searchable>
            <system>false</system>
            <unlogged>false</unlogged>
        </visibility>
    </rulesFolder>
    <roleMap public="true">
        <role inherit="false" allowForAll="false" name="readers">
            <users/>
            <groups>
                <groupUuid>_e-0000e5d8-7dfc-8000-9b30-01075c01075c_30183</groupUuid>
            </groups>
        </role>
        <role inherit="false" allowForAll="false" name="authors">
            <users/>
            <groups/>
        </role>
        <role inherit="false" allowForAll="false" name="administrators">
            <users/>
            <groups>
                <groupUuid>_e-0000e5d8-7dfc-8000-9b30-01075c01075c_30185</groupUuid>
            </groups>
        </role>
        <role inherit="false" allowForAll="false" name="denyReaders">
            <users/>
            <groups/>
        </role>
        <role inherit="false" allowForAll="false" name="denyAuthors">
            <users/>
            <groups/>
        </role>
        <role inherit="false" allowForAll="false" name="denyAdministrators">
            <users/>
            <groups/>
        </role>
    </roleMap>
    <history>
        <historyInfo versionUuid="_a-0000e5d8-7dfc-8000-9be4-011c48011c48_4723445"/>
        <historyInfo versionUuid="_a-0000e5eb-24fe-8000-9be7-011c48011c48_5065690"/>
    </history>
</contentHaul>
