<?xml version="1.0" encoding="UTF-8" standalone="yes"?>
<contentHaul xmlns:a="http://www.appian.com/ae/types/2009">
    <versionUuid>_a-0000e7a7-6058-8000-9bd9-011c48011c48_2981132</versionUuid>
    <rule>
        <name>EOS_FORM_captureEmployeeDetails1</name>
        <uuid>_a-0000e5eb-24fe-8000-9be7-011c48011c48_4901865</uuid>
        <description>This interface is created to capture employee details</description>
        <parentUuid>_a-0000e5d8-7dfc-8000-9be4-011c48011c48_4723458</parentUuid>
        <visibility>
            <advertise>false</advertise>
            <hierarchy>true</hierarchy>
            <indexable>true</indexable>
            <quota>false</quota>
            <searchable>true</searchable>
            <system>false</system>
            <unlogged>false</unlogged>
        </visibility>
        <definition>a!localVariables(
  local!activeStep: 1,
  local!steps: {
    "Basic Details",
    "Address",
    "Employment Details",
    "Other Details"
  },
  {
    #"SYSTEM_SYSRULES_columnsLayout"(
      columns: {
        #"SYSTEM_SYSRULES_columnLayout"(
          contents: {
            #"SYSTEM_SYSRULES_milestoneField"(
              steps: local!steps,
              links: #"SYSTEM_SYSRULES_forEach"(
                items: local!steps,
                expression: if(
                  local!activeStep &lt;= fv!index,
                  null,
                  #"SYSTEM_SYSRULES_dynamicLink"(saveInto: a!save(local!activeStep, fv!index))
                )
              ),
              active: local!activeStep,
              orientation: "VERTICAL"
            )
          },
          width: "NARROW"
        ),
        #"SYSTEM_SYSRULES_columnLayout"(
          contents: {
            #"SYSTEM_SYSRULES_richTextDisplayField"(
              labelPosition: "COLLAPSED",
              value: {
                #"SYSTEM_SYSRULES_richTextItem_v1"(
                  text: index(local!steps, local!activeStep, 1),
                  size: "LARGE"
                )
              }
            ),
            #"SYSTEM_SYSRULES_sectionLayout_v1"(
              contents: {
                #"SYSTEM_SYSRULES_columnsLayout"(
                  columns: {
                    #"SYSTEM_SYSRULES_columnLayout"(
                      contents: {
                        #"SYSTEM_SYSRULES_textField"(
                          label: "First Name",
                          labelPosition: if(
                            ri!readOnly,
                            "ADJACENT",
                            "ABOVE"
                          ),
                          value: ri!employee.firstName,
                          saveInto: ri!employee.firstName,
                          readOnly: ri!readOnly,
                          required:true,
                          requiredMessage:"First Name must not be blank",                   
                          validations: if(
                            len(
                              ri!employee.firstName
                            ) &gt; 255,
                            "Value may not be longer than 255 characters. You have entered " &amp; len(
                              ri!employee.firstName
                            ) &amp; " characters.",
                            null
                          )
                        ),
                        #"SYSTEM_SYSRULES_textField"(
                          label: "Middle Name",
                          labelPosition: if(
                            ri!readOnly,
                            "ADJACENT",
                            "ABOVE"
                          ),
                          value: ri!employee.middleName,
                          saveInto: ri!employee.middleName,
                          readOnly: ri!readOnly,                 
                          validations: if(
                            len(
                              ri!employee.middleName
                            ) &gt; 255,
                            "Middle Name must not be more than 255 characters",
                            null
                          )
                        ),
                        #"SYSTEM_SYSRULES_textField"(
                          label: "Last Name",
                          labelPosition: if(
                            ri!readOnly,
                            "ADJACENT",
                            "ABOVE"
                          ),
                          value: ri!employee.lastName,
                          saveInto: ri!employee.lastName,
                          readOnly: ri!readOnly,
                          required:true,
                          requiredMessage:"Last Name must not be blank",   
                          validations: if(
                            len(
                              ri!employee.lastName
                            ) &gt; 255,
                            "Value may not be longer than 255 characters. You have entered " &amp; len(
                              ri!employee.lastName
                            ) &amp; " characters.",
                            null
                          )
                        )
                      }
                    ),
                    #"SYSTEM_SYSRULES_columnLayout"(
                      contents: {
                        #"SYSTEM_SYSRULES_dateField"(
                          label: "Date Of Birth",
                          labelPosition: if(
                            ri!readOnly,
                            "ADJACENT",
                            "ABOVE"
                          ),
                          value: ri!employee.dob,
                          saveInto: ri!employee.dob,
                          readOnly: ri!readOnly
                        ),
                        #"SYSTEM_SYSRULES_radioButtonField"(
                          label: "Gender",
                          labelPosition: if(
                            ri!readOnly,
                            "ADJACENT",
                            "ABOVE"
                          ),
                          choiceLabels: {
                            "Male",
                            "Female"
                          },
                          choiceValues: {
                            "Male",
                            "Female"
                          },
                          value: ri!employee.gender,
                          saveInto: ri!employee.gender,
                          choiceLayout: "COMPACT"
                        )
                      }
                    )
                  }
                )
              },
              showWhen: local!activeStep=1
            ),
            #"SYSTEM_SYSRULES_sectionLayout_v1"(
              contents: {
                #"SYSTEM_SYSRULES_columnsLayout"(
                  columns: {
                    #"SYSTEM_SYSRULES_columnLayout"(
                      contents: {
                        #"SYSTEM_SYSRULES_textField"(
                          label: "Address Line1",
                          labelPosition: if(
                            ri!readOnly,
                            "ADJACENT",
                            "ABOVE"
                          ),
                          value: ri!employee.addressLine1,
                          saveInto: ri!employee.addressLine1,
                          readOnly: ri!readOnly,
                          validations: if(
                            len(
                              ri!employee.addressLine1
                            ) &gt; 100,
                            "Address Line1 should not be more than 100 characters",
                            null
                          )
                        ),
                        #"SYSTEM_SYSRULES_textField"(
                          label: "Address Line2",
                          labelPosition: if(
                            ri!readOnly,
                            "ADJACENT",
                            "ABOVE"
                          ),
                          value: ri!employee.addressLine2,
                          saveInto: ri!employee.addressLine2,
                          readOnly: ri!readOnly,
                          validations: if(
                            len(
                              ri!employee.addressLine2
                            ) &gt; 255,
                            "Value may not be longer than 255 characters. You have entered " &amp; len(
                              ri!employee.addressLine2
                            ) &amp; " characters.",
                            null
                          )
                        ),
                        #"SYSTEM_SYSRULES_textField"(
                          label: "City",
                          labelPosition: if(
                            ri!readOnly,
                            "ADJACENT",
                            "ABOVE"
                          ),
                          value: ri!employee.city,
                          saveInto: ri!employee.city,
                          readOnly: ri!readOnly,
                          validations: if(
                            len(
                              ri!employee.city
                            ) &gt; 255,
                            "Value may not be longer than 255 characters. You have entered " &amp; len(
                              ri!employee.city
                            ) &amp; " characters.",
                            null
                          )
                        )
                      }
                    ),
                    #"SYSTEM_SYSRULES_columnLayout"(
                      contents: {
                        #"SYSTEM_SYSRULES_dropdownField"(
                          label: "Country",
                          labelPosition: if(
                            ri!readOnly,
                            "ADJACENT",
                            "ABOVE"
                          ),
                          placeholderLabel: "---Select Country---",
                          choiceLabels: #"_a-0000e5d8-7dfc-8000-9be4-011c48011c48_4723587",
                          choiceValues: #"_a-0000e5d8-7dfc-8000-9be4-011c48011c48_4723587",
                          value: ri!employee.country,
                          saveInto: ri!employee.country,
                          validations: if(
                            len(
                              ri!employee.country
                            ) &gt; 255,
                            "Value may not be longer than 255 characters. You have entered " &amp; len(
                              ri!employee.country
                            ) &amp; " characters.",
                            null
                          )
                        ),
                        #"SYSTEM_SYSRULES_textField"(
                          label: "State",
                          labelPosition: if(
                            ri!readOnly,
                            "ADJACENT",
                            "ABOVE"
                          ),
                          value: ri!employee.state,
                          saveInto: ri!employee.state,
                          readOnly: ri!readOnly,
                          validations: if(
                            len(
                              ri!employee.state
                            ) &gt; 255,
                            "Value may not be longer than 255 characters. You have entered " &amp; len(
                              ri!employee.state
                            ) &amp; " characters.",
                            null
                          )
                        ),
                        #"SYSTEM_SYSRULES_textField"(
                          label: "Zip Code",
                          labelPosition: if(
                            ri!readOnly,
                            "ADJACENT",
                            "ABOVE"
                          ),
                          value: ri!employee.zipCode,
                          saveInto: ri!employee.zipCode,
                          readOnly: ri!readOnly,

                          validations:{if(len(ri!employee.zipCode)=6,
                          "",
                          "Zip code must be 6 digits"

                          )
                          }
                        )
                      }
                    )
                  }
                )
              },
              showWhen: local!activeStep=2
            ),
            #"SYSTEM_SYSRULES_sectionLayout_v1"(
              contents: {
                #"SYSTEM_SYSRULES_columnsLayout"(
                  columns: {
                    #"SYSTEM_SYSRULES_columnLayout"(
                      contents: {
                        #"SYSTEM_SYSRULES_integerField"(
                          label: "Total Experience",
                          labelPosition: if(
                            ri!readOnly,
                            "ADJACENT",
                            "ABOVE"
                          ),
                          value: ri!employee.totalExperience,
                          saveInto: ri!employee.totalExperience,
                          readOnly: ri!readOnly
                        )
                      }
                    ),
                    #"SYSTEM_SYSRULES_columnLayout"(
                      contents: {
                        #"SYSTEM_SYSRULES_integerField"(
                          label: "Relevant Experience",
                          labelPosition: if(
                            ri!readOnly,
                            "ADJACENT",
                            "ABOVE"
                          ),
                          value: ri!employee.relevantExperience,
                          saveInto: ri!employee.relevantExperience,
                          readOnly: ri!readOnly,
                          validations:{
                            if(ri!employee.relevantExperience&gt;=ri!employee.totalExperience,"Relevant Experience must not be greater than total experience",null)
                          }
                        )
                      }
                    )
                  }
                )
              },
              showWhen: local!activeStep=3
            ),
            #"SYSTEM_SYSRULES_sectionLayout_v1"(
              contents: {
                #"SYSTEM_SYSRULES_columnsLayout"(
                  columns: {
                    #"SYSTEM_SYSRULES_columnLayout"(
                      contents: {
                        #"SYSTEM_SYSRULES_textField"(
                          label: "Father Name",
                          labelPosition: if(
                            ri!readOnly,
                            "ADJACENT",
                            "ABOVE"
                          ),
                          value: ri!employee.fatherName,
                          saveInto: ri!employee.fatherName,
                          readOnly: ri!readOnly,
                          validations: if(
                            len(
                              ri!employee.fatherName
                            ) &gt; 255,
                            "Value may not be longer than 255 characters. You have entered " &amp; len(
                              ri!employee.fatherName
                            ) &amp; " characters.",
                            null
                          )
                        ),
                        #"SYSTEM_SYSRULES_textField"(
                          label: "Mother Name",
                          labelPosition: if(
                            ri!readOnly,
                            "ADJACENT",
                            "ABOVE"
                          ),
                          value: ri!employee.motherName,
                          saveInto: ri!employee.motherName,
                          readOnly: ri!readOnly,
                          validations: if(
                            len(
                              ri!employee.motherName
                            ) &gt; 255,
                            "Value may not be longer than 255 characters. You have entered " &amp; len(
                              ri!employee.motherName
                            ) &amp; " characters.",
                            null
                          )
                        ),
                        #"SYSTEM_SYSRULES_fileUploadField_v1"(
                          label: "Employee Photo",
                          labelPosition: if(
                            ri!readOnly,
                            "ADJACENT",
                            "ABOVE"
                          ),
                          target: #"_a-0000e5d8-7dfc-8000-9be4-011c48011c48_4723646",
                          value: ri!employee.photo,
                          saveInto: ri!employee.photo
                        )
                      }
                    ),
                    #"SYSTEM_SYSRULES_columnLayout"(
                      contents: {
                        #"SYSTEM_SYSRULES_textField"(
                          label: "Hobbies",
                          labelPosition: if(
                            ri!readOnly,
                            "ADJACENT",
                            "ABOVE"
                          ),
                          value: ri!employee.hobbies,
                          saveInto: ri!employee.hobbies,
                          readOnly: ri!readOnly,
                          validations: if(
                            len(
                              ri!employee.hobbies
                            ) &gt; 500,
                            "Value may not be longer than 500 characters. You have entered " &amp; len(
                              ri!employee.hobbies
                            ) &amp; " characters.",
                            null
                          )
                        ),
                        #"SYSTEM_SYSRULES_textField"(
                          label: "National Id",
                          labelPosition: if(
                            ri!readOnly,
                            "ADJACENT",
                            "ABOVE"
                          ),
                          value: ri!employee.nationalId,
                          saveInto: ri!employee.nationalId,
                          readOnly: ri!readOnly,
                          validations: if(
                            len(
                              ri!employee.nationalId
                            ) &gt; 255,
                            "Value may not be longer than 255 characters. You have entered " &amp; len(
                              ri!employee.nationalId
                            ) &amp; " characters.",
                            null
                          )
                        ),
                        #"SYSTEM_SYSRULES_textField"(
                          label: "Marital Status",
                          labelPosition: if(
                            ri!readOnly,
                            "ADJACENT",
                            "ABOVE"
                          ),
                          value: ri!employee.maritalStatus,
                          saveInto: ri!employee.maritalStatus,
                          readOnly: ri!readOnly,
                          validations: if(
                            len(
                              ri!employee.maritalStatus
                            ) &gt; 100,
                            "Value may not be longer than 100 characters. You have entered " &amp; len(
                              ri!employee.maritalStatus
                            ) &amp; " characters.",
                            null
                          )
                        )
                      }
                    )
                  }
                )
              },
              showWhen: local!activeStep=4
            ),
            #"SYSTEM_SYSRULES_ButtonLayout"(
              primaryButtons: {
                #"SYSTEM_SYSRULES_ButtonWidget"(
                  label: "Next",
                  saveInto: a!save(local!activeStep, local!activeStep + 1),
                  size: "LARGE",
                  style: "PRIMARY",
                  showWhen: local!activeStep &lt;&gt; length(local!steps),
                  validate: true
                ),
                #"SYSTEM_SYSRULES_ButtonWidget"(
                  label: "Done",
                  submit: true,
                  size: "LARGE",
                  style: "PRIMARY",
                  showWhen: local!activeStep = length(local!steps)
                )
              },
              secondaryButtons: {
                #"SYSTEM_SYSRULES_ButtonWidget"(
                  label: "Go Back",
                  saveInto: a!save(local!activeStep, local!activeStep - 1),
                  size: "LARGE",
                  showWhen: local!activeStep &lt;&gt; 1
                ),
                #"SYSTEM_SYSRULES_ButtonWidget"(
                  label: "Cancel",
                  value: true,
                  saveInto: ri!cancel,
                  submit: true,
                  size: "LARGE",
                  style: "LINK",
                  validate: false
                )
              }
            )
          },
          width: "AUTO"
        )
      }
    )
  }
)


</definition>
        <namedTypedValue>
            <name>employee</name>
            <type>
                <name>EOS_Employee</name>
                <namespace>urn:com:appian:types:EOS</namespace>
            </type>
        </namedTypedValue>
        <namedTypedValue>
            <name>buttonAction</name>
            <type>
                <name>string</name>
                <namespace>http://www.w3.org/2001/XMLSchema</namespace>
            </type>
            <value/>
        </namedTypedValue>
        <namedTypedValue>
            <name>readOnly</name>
            <type>
                <name>boolean</name>
                <namespace>http://www.w3.org/2001/XMLSchema</namespace>
            </type>
        </namedTypedValue>
        <namedTypedValue>
            <name>cancel</name>
            <type>
                <name>boolean</name>
                <namespace>http://www.w3.org/2001/XMLSchema</namespace>
            </type>
        </namedTypedValue>
        <preferredEditor>interface</preferredEditor>
        <offlineEnabled>false</offlineEnabled>
    </rule>
    <roleMap public="true">
        <role inherit="true" allowForAll="false" name="readers">
            <users/>
            <groups/>
        </role>
        <role inherit="true" allowForAll="false" name="authors">
            <users/>
            <groups/>
        </role>
        <role inherit="true" allowForAll="false" name="administrators">
            <users/>
            <groups/>
        </role>
        <role inherit="false" allowForAll="false" name="denyReaders">
            <users/>
            <groups/>
        </role>
        <role inherit="false" allowForAll="false" name="denyAuthors">
            <users/>
            <groups/>
        </role>
        <role inherit="false" allowForAll="false" name="denyAdministrators">
            <users/>
            <groups/>
        </role>
    </roleMap>
    <typedValue>
        <type>
            <name>RuleTestConfig?list</name>
            <namespace>http://www.appian.com/ae/types/2009</namespace>
        </type>
        <value>
            <el>
                <a:name/>
                <a:ruleInputTestConfigs>
                    <a:value xmlns:xsi="http://www.w3.org/2001/XMLSchema-instance" xsi:type="a:Expression">'type!{urn:com:appian:types:EOS}EOS_Employee'()</a:value>
                    <a:nameRef>employee</a:nameRef>
                    <a:id>1</a:id>
                </a:ruleInputTestConfigs>
                <a:ruleInputTestConfigs>
                    <a:value xmlns:xsd="http://www.w3.org/2001/XMLSchema" xmlns:xsi="http://www.w3.org/2001/XMLSchema-instance" xsi:type="xsd:string"/>
                    <a:nameRef>buttonAction</a:nameRef>
                    <a:id>2</a:id>
                </a:ruleInputTestConfigs>
                <a:ruleInputTestConfigs>
                    <a:value xmlns:xsd="http://www.w3.org/2001/XMLSchema" xmlns:xsi="http://www.w3.org/2001/XMLSchema-instance" xsi:nil="true" xsi:type="xsd:boolean"/>
                    <a:nameRef>readOnly</a:nameRef>
                    <a:id>3</a:id>
                </a:ruleInputTestConfigs>
                <a:ruleInputTestConfigs>
                    <a:value xmlns:xsd="http://www.w3.org/2001/XMLSchema" xmlns:xsi="http://www.w3.org/2001/XMLSchema-instance" xsi:nil="true" xsi:type="xsd:boolean"/>
                    <a:nameRef>cancel</a:nameRef>
                    <a:id/>
                </a:ruleInputTestConfigs>
                <a:assertions xmlns:xsi="http://www.w3.org/2001/XMLSchema-instance" xsi:nil="true"/>
            </el>
        </value>
    </typedValue>
    <history>
        <historyInfo versionUuid="_a-0000e5eb-24fe-8000-9be7-011c48011c48_4901899"/>
        <historyInfo versionUuid="_a-0000e7a7-6058-8000-9bd9-011c48011c48_2981134"/>
        <historyInfo versionUuid="_a-0000e7a7-6058-8000-9bd9-011c48011c48_2981132"/>
    </history>
</contentHaul>
