<?xml version="1.0" encoding="UTF-8" standalone="yes"?>
<contentHaul xmlns:a="http://www.appian.com/ae/types/2009">
    <versionUuid>_a-0000e5eb-24fe-8000-9be7-011c48011c48_4897315</versionUuid>
    <rule>
        <name>EOS_QE_getEmployee</name>
        <uuid>_a-0000e5eb-24fe-8000-9be7-011c48011c48_4897289</uuid>
        <description>This is generic query entity is created to get the employee</description>
        <parentUuid>_a-0000e5d8-7dfc-8000-9be4-011c48011c48_4723464</parentUuid>
        <visibility>
            <advertise>false</advertise>
            <hierarchy>true</hierarchy>
            <indexable>true</indexable>
            <quota>false</quota>
            <searchable>true</searchable>
            <system>false</system>
            <unlogged>false</unlogged>
        </visibility>
        <definition>a!localVariables(
  local!datasubset: #"SYSTEM_SYSRULES_queryEntity_v1"(
    entity: #"_a-0000e5d8-7dfc-8000-9be4-011c48011c48_4723550",
    query: #"SYSTEM_SYSRULES_query"(
      selection: if(
        isnull(
          ri!columnList
        ),
        null,
        #"SYSTEM_SYSRULES_querySelection"(
          columns: #"SYSTEM_SYSRULES_forEach"(
            items: ri!columnList,
            expression: #"SYSTEM_SYSRULES_queryColumn"(
              field: fv!item
            )
          )
        )
      ),
      logicalexpression: #"SYSTEM_SYSRULES_queryLogicalExpression"(
        operator: "AND",
        filters: {

          #"SYSTEM_SYSRULES_queryFilter"(
            field: "employeeId",
            operator: "=",
            value: ri!employeeId
          )
          
        },
        ignoreFiltersWithEmptyValues: true
      ),
      pagingInfo: if(
        isnull(
          ri!pagingInfo
        ),
        #"SYSTEM_SYSRULES_pagingInfo"(
          startIndex: 1,
          batchSize: 50
        ),
        ri!pagingInfo
      )
    ),
    fetchTotalCount: false
  ),
  if(
    ri!needDatasubset = true,
    local!datasubset,
    cast(
      typeof(
        {
          'type!{urn:com:appian:types:EOS}EOS_Employee'()
        }
      ),
      local!datasubset.data
    )
  )
)</definition>
        <namedTypedValue>
            <name>columnList</name>
            <type>
                <name>Text?list</name>
                <namespace>http://www.appian.com/ae/types/2009</namespace>
            </type>
        </namedTypedValue>
        <namedTypedValue>
            <name>needDatasubset</name>
            <type>
                <name>boolean</name>
                <namespace>http://www.w3.org/2001/XMLSchema</namespace>
            </type>
        </namedTypedValue>
        <namedTypedValue>
            <name>pagingInfo</name>
            <type>
                <name>PagingInfo</name>
                <namespace>http://www.appian.com/ae/types/2009</namespace>
            </type>
        </namedTypedValue>
        <namedTypedValue>
            <name>employeeId</name>
            <type>
                <name>int</name>
                <namespace>http://www.w3.org/2001/XMLSchema</namespace>
            </type>
        </namedTypedValue>
        <preferredEditor>legacy</preferredEditor>
        <offlineEnabled>false</offlineEnabled>
    </rule>
    <roleMap public="true">
        <role inherit="true" allowForAll="false" name="readers">
            <users/>
            <groups/>
        </role>
        <role inherit="true" allowForAll="false" name="authors">
            <users/>
            <groups/>
        </role>
        <role inherit="true" allowForAll="false" name="administrators">
            <users/>
            <groups/>
        </role>
        <role inherit="false" allowForAll="false" name="denyReaders">
            <users/>
            <groups/>
        </role>
        <role inherit="false" allowForAll="false" name="denyAuthors">
            <users/>
            <groups/>
        </role>
        <role inherit="false" allowForAll="false" name="denyAdministrators">
            <users/>
            <groups/>
        </role>
    </roleMap>
    <history>
        <historyInfo versionUuid="_a-0000e5eb-24fe-8000-9be7-011c48011c48_4897315"/>
    </history>
</contentHaul>
