<?xml version="1.0" encoding="UTF-8" standalone="yes"?>
<contentHaul xmlns:a="http://www.appian.com/ae/types/2009">
    <versionUuid>_a-0000e5d8-7dfc-8000-9be4-011c48011c48_4723804</versionUuid>
    <rule>
        <name>EOS_FORM_confirmationScreen</name>
        <uuid>_a-0000e5d8-7dfc-8000-9be4-011c48011c48_4723765</uuid>
        <description>This interface is created for generic confirmation screen</description>
        <parentUuid>_a-0000e5d8-7dfc-8000-9be4-011c48011c48_4723458</parentUuid>
        <visibility>
            <advertise>false</advertise>
            <hierarchy>true</hierarchy>
            <indexable>true</indexable>
            <quota>false</quota>
            <searchable>true</searchable>
            <system>false</system>
            <unlogged>false</unlogged>
        </visibility>
        <definition>#"SYSTEM_SYSRULES_formLayout_v1"(
  contents: {
    if(
      ri!messageType = "ADD EMPLOYEE",
      #"SYSTEM_SYSRULES_cardLayout"(
        contents: {
          #"SYSTEM_SYSRULES_richTextDisplayField"(
            label: "Rich Text",
            labelPosition: "COLLAPSED",
            value: {
              #"SYSTEM_SYSRULES_richTextItem_v1"(
                text: {
                  #"SYSTEM_SYSRULES_richTextIcon"(
                    icon: "check-square-o"
                  ),
                  " "
                },
                color: "#7f6000",
                size: "MEDIUM_PLUS",
                style: {
                  "STRONG"
                }
              ),
              #"SYSTEM_SYSRULES_richTextItem_v1"(
                text: {
                  " Thank you , your details has been submitted successfully "
                },
                size: "MEDIUM_PLUS",
                style: {
                  "STRONG"
                }
              )
            }
          )
        },
        style: "SUCCESS"
      ),
      {}
    )
  },
  buttons: #"SYSTEM_SYSRULES_ButtonLayout"(
    primaryButtons: {
      #"SYSTEM_SYSRULES_ButtonWidget"(
        label: "CLOSE",
        submit: true,
        style: "PRIMARY",
        saveInto: ri!buttonAction,
        value:"CLOSE"
      )
    }
  )
)</definition>
        <namedTypedValue>
            <name>messageType</name>
            <type>
                <name>string</name>
                <namespace>http://www.w3.org/2001/XMLSchema</namespace>
            </type>
            <value/>
        </namedTypedValue>
        <namedTypedValue>
            <name>buttonAction</name>
            <type>
                <name>string</name>
                <namespace>http://www.w3.org/2001/XMLSchema</namespace>
            </type>
            <value/>
        </namedTypedValue>
        <preferredEditor>interface</preferredEditor>
        <offlineEnabled>false</offlineEnabled>
    </rule>
    <roleMap public="true">
        <role inherit="true" allowForAll="false" name="readers">
            <users/>
            <groups/>
        </role>
        <role inherit="true" allowForAll="false" name="authors">
            <users/>
            <groups/>
        </role>
        <role inherit="true" allowForAll="false" name="administrators">
            <users/>
            <groups/>
        </role>
        <role inherit="false" allowForAll="false" name="denyReaders">
            <users/>
            <groups/>
        </role>
        <role inherit="false" allowForAll="false" name="denyAuthors">
            <users/>
            <groups/>
        </role>
        <role inherit="false" allowForAll="false" name="denyAdministrators">
            <users/>
            <groups/>
        </role>
    </roleMap>
    <typedValue>
        <type>
            <name>RuleTestConfig?list</name>
            <namespace>http://www.appian.com/ae/types/2009</namespace>
        </type>
        <value>
            <el>
                <a:name/>
                <a:ruleInputTestConfigs>
                    <a:value xmlns:xsd="http://www.w3.org/2001/XMLSchema" xmlns:xsi="http://www.w3.org/2001/XMLSchema-instance" xsi:type="xsd:string"/>
                    <a:nameRef>messageType</a:nameRef>
                    <a:id>1</a:id>
                </a:ruleInputTestConfigs>
                <a:ruleInputTestConfigs>
                    <a:value xmlns:xsd="http://www.w3.org/2001/XMLSchema" xmlns:xsi="http://www.w3.org/2001/XMLSchema-instance" xsi:type="xsd:string"/>
                    <a:nameRef>buttonAction</a:nameRef>
                    <a:id>2</a:id>
                </a:ruleInputTestConfigs>
                <a:assertions xmlns:xsi="http://www.w3.org/2001/XMLSchema-instance" xsi:nil="true"/>
            </el>
        </value>
    </typedValue>
    <history>
        <historyInfo versionUuid="_a-0000e5d8-7dfc-8000-9be4-011c48011c48_4723804"/>
    </history>
</contentHaul>
