<?xml version="1.0" encoding="UTF-8"?>
<siteHaul xmlns:a="http://www.appian.com/ae/types/2009" xmlns:xsi="http://www.w3.org/2001/XMLSchema-instance">
  <versionUuid>a9b6fdec-3fa0-42bb-890a-24451f8643fb</versionUuid>
  <site a:uuid="d4fedb67-7293-4c01-81c4-24c7d480827f" name="Employee Onboarding System">
    <description>Site for Employee On boarding</description>
    <urlStub>eos</urlStub>
    <page>
      <staticName>Home</staticName>
      <description/>
      <urlStub>home</urlStub>
      <uiObject a:uuid="0002e5da-4b72-8000-e7c5-7f0000014e7a" xsi:type="a:ProcessModel"/>
      <iconId>f0c0</iconId>
      <visibilityExpr>fn!true()</visibilityExpr>
      <pageWidth>STANDARD</pageWidth>
    </page>
    <page>
      <staticName>Employee List</staticName>
      <description/>
      <urlStub>employee-list</urlStub>
      <uiObject a:uuid="7cc8e08b-5383-4f2b-82c7-00ed02691269" xsi:type="a:RecordType"/>
      <iconId>f0c0</iconId>
      <visibilityExpr>fn!true()</visibilityExpr>
      <pageWidth>WIDE</pageWidth>
    </page>
    <visibility>268435456</visibility>
    <faviconRef a:uuid="SYSTEM_CONTENT_SITES_DEFAULT_FAVICON" xsi:type="a:CollaborationDocument"/>
    <logoRef a:uuid="SYSTEM_CONTENT_SITES_DEFAULT_LOGO" xsi:type="a:CollaborationDocument"/>
    <showName>false</showName>
    <tempoLinkVisibility>HIDDEN</tempoLinkVisibility>
    <showRecordNews>true</showRecordNews>
    <tasksInSitesVisibility>HIDDEN</tasksInSitesVisibility>
    <buttonShape>SQUARED</buttonShape>
    <navigationBarStyle>STYLE1</navigationBarStyle>
    <inputShape>SQUARED</inputShape>
    <isSystem>false</isSystem>
  </site>
  <roleMap>
    <role name="site_administrator">
      <users/>
      <groups>
        <groupUuid>_e-0000e5d8-7dfc-8000-9b30-01075c01075c_30185</groupUuid>
      </groups>
    </role>
    <role name="site_viewer">
      <users/>
      <groups>
        <groupUuid>_e-0000e5d8-7dfc-8000-9b30-01075c01075c_30189</groupUuid>
      </groups>
    </role>
    <role name="site_editor">
      <users/>
      <groups>
        <groupUuid>_e-0000e5d8-7dfc-8000-9b30-01075c01075c_30187</groupUuid>
      </groups>
    </role>
  </roleMap>
  <history>
    <historyInfo versionUuid="e286d2fe-c02f-4e7d-b084-05270ceaa609"/>
    <historyInfo versionUuid="af1f398e-0efa-4e68-89d6-bddf8449e2d6"/>
    <historyInfo versionUuid="a9b6fdec-3fa0-42bb-890a-24451f8643fb"/>
  </history>
</siteHaul>
