<?xml version="1.0" encoding="UTF-8" standalone="yes"?>
<dataStoreHaul xmlns:a="http://www.appian.com/ae/types/2009">
    <versionUuid>_a-0000e66e-0588-8000-9bc5-011c48011c48_2718574</versionUuid>
    <dataStore>
        <uuid>_a-0000e5d8-7dfc-8000-9be4-011c48011c48_4723495</uuid>
        <name>EOS Data Store</name>
        <description>EOS Application datastore</description>
        <dataSourceKey>jdbc/Appian</dataSourceKey>
        <adaptingExplicitSqlNames>false</adaptingExplicitSqlNames>
        <autoUpdateSchema>false</autoUpdateSchema>
        <entities>
            <entity>
                <uuid>e6efbb2d-0d39-425b-9022-62eb0cd597bb</uuid>
                <name>EOS_Employee</name>
                <type>{urn:com:appian:types:EOS}EOS_Employee</type>
            </entity>
        </entities>
    </dataStore>
    <isPublished>true</isPublished>
    <roleMap>
        <role inherit="false" allowForAll="false" name="administrators">
            <users/>
            <groups>
                <groupUuid>_e-0000e5d8-7dfc-8000-9b30-01075c01075c_30185</groupUuid>
            </groups>
        </role>
        <role inherit="false" allowForAll="false" name="authors">
            <users/>
            <groups>
                <groupUuid>_e-0000e5d8-7dfc-8000-9b30-01075c01075c_30187</groupUuid>
            </groups>
        </role>
        <role inherit="false" allowForAll="false" name="denyAdministrators">
            <users/>
            <groups/>
        </role>
        <role inherit="false" allowForAll="false" name="denyAuthors">
            <users/>
            <groups/>
        </role>
        <role inherit="false" allowForAll="false" name="denyReaders">
            <users/>
            <groups/>
        </role>
        <role inherit="false" allowForAll="false" name="readers">
            <users/>
            <groups>
                <groupUuid>_e-0000e5d8-7dfc-8000-9b30-01075c01075c_30189</groupUuid>
            </groups>
        </role>
    </roleMap>
    <history>
        <historyInfo versionUuid="_a-0000e5d8-7dfc-8000-9be4-011c48011c48_4723506"/>
        <historyInfo versionUuid="_a-0000e5eb-24fe-8000-9be7-011c48011c48_4899848"/>
        <historyInfo versionUuid="_a-0000e66e-0588-8000-9bc5-011c48011c48_2718574"/>
    </history>
</dataStoreHaul>
