<?xml version="1.0" encoding="UTF-8" standalone="yes"?>
<processModelFolderHaul xmlns:a="http://www.appian.com/ae/types/2009">
    <versionUuid>_g-0000e5eb-24fe-8000-edaf-7f0000014e7a_1122</versionUuid>
    <processModelFolder>
        <name>EOS Process Models</name>
        <uuid>_g-0000e5d8-7dfc-8000-e619-7f0000014e7a_1114</uuid>
        <description>folder to store store EOS process models</description>
    </processModelFolder>
    <roleMap>
        <role name="ADMIN_OWNER">
            <users/>
            <groups>
                <groupUuid>_e-0000e5d8-7dfc-8000-9b30-01075c01075c_30185</groupUuid>
            </groups>
        </role>
        <role name="EDITOR">
            <users/>
            <groups/>
        </role>
        <role name="EXPLICIT_NONMEMBER">
            <users/>
            <groups/>
        </role>
        <role name="VIEWER">
            <users/>
            <groups>
                <groupUuid>_e-0000e5d8-7dfc-8000-9b30-01075c01075c_30183</groupUuid>
            </groups>
        </role>
        <role name="MANAGER">
            <users/>
            <groups/>
        </role>
        <role name="INITIATOR">
            <users/>
            <groups/>
        </role>
    </roleMap>
    <history>
        <historyInfo versionUuid="_g-0000e5d8-7dfc-8000-e619-7f0000014e7a_1116"/>
        <historyInfo versionUuid="_g-0000e5eb-24fe-8000-edaf-7f0000014e7a_1122"/>
    </history>
</processModelFolderHaul>
