<?xml version="1.0" encoding="UTF-8" standalone="yes"?>
<groupHaul xmlns:a="http://www.appian.com/ae/types/2009">
    <versionUuid>_e-0000e5d8-7dfc-8000-9b30-01075c01075c_30186</versionUuid>
    <group>
        <name>EOS Administrators</name>
        <securityMap>SECURITYMAP_TEAM</securityMap>
        <uuid>_e-0000e5d8-7dfc-8000-9b30-01075c01075c_30185</uuid>
        <groupTypeUuid>SYSTEM_GROUP_TYPE_CUSTOM</groupTypeUuid>
        <parentUuid>_e-0000e5d8-7dfc-8000-9b30-01075c01075c_30183</parentUuid>
        <description>EOS Administrators group</description>
        <delegatedCreation>false</delegatedCreation>
        <memberPolicy>MEMBERPOLICY_CLOSED</memberPolicy>
        <viewingPolicy>VIEWINGPOLICY_LOW</viewingPolicy>
        <attributes/>
    </group>
    <members>
        <users/>
        <groups>
            <groupUuid>_e-0000e5eb-24fe-8000-9b33-01075c01075c_30776</groupUuid>
        </groups>
    </members>
    <admins>
        <users/>
        <groups/>
    </admins>
    <ruleSet/>
    <history>
        <historyInfo versionUuid="_e-0000e5d8-7dfc-8000-9b30-01075c01075c_30186"/>
    </history>
</groupHaul>
